código,nome,descrição,atualizado_em,Unidade,num_registros,primeira_data,ultima_data,intervalo_dias,valor_min,valor_max,media_valor,desvio_padrao_valor,media_frequencia,frequencia,status_atividade,status_download
1,"Exchange rate, Free, United States dollar (sale), 1","Exchange rate, Free, United States dollar (sale), 1.",2024-09-15 15:54:06,c.m.u./US$,9972.0,1984-11-28,2024-09-13,2.0,0.829,71153.0,848.4458685318892,4693.351543279467,1.4574809466506218,Diária,Ativa,
11,"Interest rate, Selic","Interest rate, Selic.",2024-09-15 16:11:42,% p.d.,9597.0,1986-06-04,2024-09-13,2.0,0.0,3.626,0.2589655859122642,0.4751020366306343,1.456809419610295,Diária,Ativa,
12,"Interest rate, CDI","Interest rate, CDI.",2024-09-15 16:32:27,% p.d.,9638.0,1986-03-06,2024-09-12,3.0,0.007469,3.970667,0.2631419703257937,0.4818884979122292,1.459846441170367,Diária,Ativa,
23,"Daily savings deposits balance, Brazilian system of savings deposits and loans (SBPE) and rural","Daily savings deposits balance, Brazilian system of savings deposits and loans (SBPE) and rural.",2024-09-15 17:40:18,c.m.u. (thousand),8275.0,1991-08-22,2024-08-15,31.0,32949831.87,1579828259448.72,16515081034.299498,111141485798.82253,1.4558308157099695,Diária,Ativa,
24,"Daily saving deposits net inflow, Brazilian system of saving deposits and loans (SBPE) and rural","Daily saving deposits net inflow, Brazilian system of saving deposits and loans (SBPE) and rural.",2024-09-15 17:41:58,c.m.u. (thousand),8275.0,1991-08-22,2024-08-15,31.0,-4012214984.79,5833763985.24,20199143.40715408,274235397.4177104,1.4558308157099695,Diária,Ativa,
25,"Saving deposits up to 05.03.2012, Return in the time period","Saving deposits up to 05.03.2012, Return in the time period.",2024-09-15 17:44:55,% p.m.,11296.0,1991-02-01,2024-09-12,3.0,0.5,51.9962,3.456853983711048,8.605902312969802,1.0868449008498584,Diária,Ativa,
188,National Consumer Price Index (INPC),National Consumer Price Index (INPC).,2024-09-15 17:15:53,Monthly % var.,544.0,1979-05-01,2024-08-01,45.0,-0.6,82.18,5.703805147058823,10.631390888991069,30.384191176470587,Mensal,Ativa,
189,General Price Index-Market (IGP-M),General Price Index-Market (IGP-M).,2024-09-15 17:16:02,Monthly % var.,422.0,1989-07-01,2024-08-01,45.0,-1.93,83.95,4.635189573459716,11.315636369578916,30.36729857819905,Mensal,Ativa,
190,General Price Index-Domestic Supply (IGP-DI),General Price Index-Domestic Supply (IGP-DI).,2024-09-15 17:16:21,Monthly % var.,966.0,1944-03-01,2024-08-01,45.0,-2.59,81.32,4.179875776397515,8.35694831037459,30.40683229813665,Mensal,Ativa,
191,Consumer Price Index-Brazil (IPC-Br),Consumer Price Index-Brazil (IPC-Br).,2024-09-15 17:16:30,Monthly % var.,415.0,1990-02-01,2024-08-01,45.0,-1.19,80.75,3.9172048192771087,10.079097823765752,30.36144578313253,Mensal,Ativa,
192,National Index of Building Costs (INCC),National Index of Building Costs (INCC).,2024-09-15 17:16:38,Monthly % var.,966.0,1944-03-01,2024-08-01,45.0,-4.42,78.41,4.182908902691512,8.649652970126013,30.40683229813665,Mensal,Ativa,
193,Consumer Price Index-São Paulo (IPC-Fipe),Consumer Price Index-São Paulo (IPC-Fipe).,2024-09-15 17:17:00,Monthly % var.,1026.0,1939-03-01,2024-08-01,45.0,-5.41,79.11,3.878859649122807,8.006403033047954,30.4093567251462,Mensal,Ativa,
195,"Saving deposits after 05.04.2012, Return in the time period","Saving deposits after 05.04.2012, Return in the time period.",2024-09-15 17:17:19,% p.m.,4153.0,2012-05-04,2024-09-12,3.0,0.1159,0.7566,0.4878589453407175,0.1694052436685873,1.0869251143751506,Diária,Ativa,
196,"Saving deposits after 05.04.2012, Return in the time period (1st day of the month)","Saving deposits after 05.04.2012, Return in the time period (1st day of the month).",2024-09-15 17:17:50,% p.m.,148.0,2012-06-01,2024-09-01,14.0,0.1159,0.7558,0.4869358108108108,0.1696291810066828,30.236486486486488,Mensal,Ativa,
204,"Saving deposits after 05.04.2012, Additional return in the time period","Saving deposits after 05.04.2012, Additional return in the time period.",2024-09-15 17:22:42,% p.m.,4153.0,2012-05-04,2024-09-12,3.0,0.1159,0.5,0.4230909222248976,0.1145463574612969,1.0869251143751506,Diária,Ativa,
225,Wholesale Price Index (IPA),Wholesale Price Index (IPA).,2024-09-15 17:39:07,Monthly % var.,966.0,1944-03-01,2024-08-01,45.0,-3.37,82.04,4.186273291925466,8.418997539419847,30.40683229813665,Mensal,Ativa,
226,Referential rate (TR),Referential rate (TR).,2024-09-15 17:39:28,% p.m.,12505.0,1991-02-01,2024-09-12,3.0,0.0,51.7526,2.941784046381448,8.567985659639875,0.9817672930827668,Diária,Ativa,
227,Pro-rata reference rate (TR pro-rata),Pro-rata reference rate (TR pro-rata).,2024-09-15 17:39:39,% p.d.,11573.0,1993-06-01,2024-09-12,3.0,0.0,2.010635,0.0636521000604856,0.2783693866051319,0.9872980212563726,Diária,Ativa,
239,"Daily savings deposits balance, Brazilian system of saving deposits and loans (SBPE)","Daily savings deposits balance, Brazilian system of saving deposits and loans (SBPE).",2024-09-15 17:41:44,c.m.u. (thousand),8275.0,1991-08-22,2024-08-15,31.0,27204097.83,1323287594114.22,13857708966.120983,93298898142.30528,1.4558308157099695,Diária,Ativa,
240,"Daily saving deposits net inflow, Brazilian system of saving deposits and loans (SBPE)","Daily saving deposits net inflow, Brazilian system of saving deposits and loans (SBPE).",2024-09-15 17:42:07,c.m.u. (thousand),8275.0,1991-08-22,2024-08-15,31.0,-2861525206.34,4586462809.0,16592665.839270089,215850784.56220585,1.4558308157099695,Diária,Ativa,
241,"Daily saving deposits balance, Rural","Daily saving deposits balance, Rural.",2024-09-15 17:42:36,c.m.u. (thousand),8274.0,1991-08-22,2024-08-15,31.0,5745734.04,256540665334.5,2657670673.896816,17845435821.161736,1.4560067681895092,Diária,Ativa,
242,"Daily saving deposits net inflow, Rural","Daily saving deposits net inflow, Rural.",2024-09-15 17:42:50,c.m.u. (thousand),8275.0,1991-08-22,2024-08-15,31.0,-1150689778.45,1638126801.45,3606477.568593353,63640311.36947776,1.4558308157099695,Diária,Ativa,
253,Base Financial Rate (TBF),Base Financial Rate (TBF).,2024-09-15 17:45:48,% p.m.,10862.0,1995-07-01,2024-09-12,3.0,0.1343,4.3841,1.0783275271589028,0.5669434716275685,0.9819554409869268,Diária,Ativa,
254,Pro rata base financial rate (TBF pro-rata),Pro rata base financial rate (TBF pro-rata).,2024-09-15 17:46:06,% p.d.,10862.0,1995-07-01,2024-09-12,3.0,0.0069,0.186727,0.0512394376726201,0.0266831071876854,0.9819554409869268,Diária,Ativa,
256,Long term interest rate (TJLP),Long term interest rate (TJLP).,2024-09-15 17:46:32,% p.y.,358.0,1994-12-01,2024-09-01,14.0,4.39,26.01,8.531731843575418,4.047833091249366,30.35474860335196,Mensal,Ativa,
272,"Consumer Price Index-São Paulo (IPC-Fipe), 2nd four week period","Consumer Price Index-São Paulo (IPC-Fipe), 2nd four week period.",2024-09-15 17:49:39,Monthly % var.,403.0,1991-02-01,2024-08-01,45.0,-1.05,47.53,3.12682382133995,8.364012185371509,30.359801488833742,Mensal,Ativa,
432,"Interest rate, Selic target","Interest rate, Selic target.",2024-09-15 18:36:22,% p.y.,9330.0,1999-03-05 00:00:00,2024-09-18 00:00:00,-3.0,2.0,45.0,12.703563772775992,5.576641712600185,0.99989281886388,Diária,Ativa,
433,Broad National Consumer Price Index (IPCA),Broad National Consumer Price Index (IPCA).,2024-09-15 18:36:32,Monthly % var.,535.0,1980-02-01 00:00:00,2024-08-01 00:00:00,45.0,-0.68,82.39,5.728373831775701,10.711649726348789,30.37943925233645,Mensal,Ativa,
1178,"Interest rate, Selic in annual terms (basis 252)","Interest rate, Selic in annual terms (basis 252).",2024-09-15 16:26:52,% p.y.,9597.0,1986-06-04,2024-09-13,2.0,0.0,790799.15,1705.4055423569866,23493.0259068716,1.456809419610295,Diária,Ativa,
1373,Vehicles production (total),Vehicles production (total).,2024-09-15 16:47:42,units,379.0,1993-02-01,2024-08-01,45.0,1847.0,352328.0,193582.1609498681,65664.52621862397,30.353562005277045,Mensal,Ativa,
1374,Passenger cars and light commercial vehicles production,Passenger cars and light commercial vehicles production.,2024-09-15 16:47:43,units,379.0,1993-02-01,2024-08-01,45.0,1048.0,330462.0,182569.63324538257,61669.88925432141,30.353562005277045,Mensal,Ativa,
1375,Truck production,Truck production.,2024-09-15 16:47:44,units,379.0,1993-02-01,2024-08-01,45.0,403.0,22647.0,8837.311345646438,4153.549690300041,30.353562005277045,Mensal,Ativa,
1376,Bus production,Bus production.,2024-09-15 16:47:45,units,379.0,1993-02-01,2024-08-01,45.0,168.0,4644.0,2175.21635883905,886.4680739805054,30.353562005277045,Mensal,Ativa,
1378,Vehicle sales (total),Vehicle sales (total).,2024-09-15 16:47:49,units,523.0,1981-02-01,2024-08-01,45.0,35585.0,383535.0,162341.92351816443,75378.01105761416,30.37667304015296,Mensal,Ativa,
1379,Domestic vehicle sales,Domestic vehicle sales.,2024-09-15 16:47:51,units,523.0,1981-02-01,2024-08-01,45.0,25023.0,340910.0,132629.91969407265,64991.13295972131,30.37667304015296,Mensal,Ativa,
1380,Vehicle exports,Vehicle exports.,2024-09-15 16:47:53,units,523.0,1981-02-01,2024-08-01,45.0,2892.0,73432.0,29712.00382409178,15972.652136569162,30.37667304015296,Mensal,Ativa,
1619,Minimum wage,Minimum wage.,2024-09-15 16:57:37,c.m.u.,416.0,1990-02-01,2024-09-01,14.0,64.79,4639800.0,52139.72548076922,355981.6282253248,30.36298076923077,Mensal,Ativa,
1635,"Broad national consumer price index (IPCA), Food and beverages","Broad national consumer price index (IPCA), Food and beverages.",2024-09-15 16:57:51,Monthly % var.,402.0,1991-02-01,2024-08-01,45.0,-1.28,52.15,3.2668656716417908,8.789727915856027,30.435323383084576,Mensal,Ativa,
1636,"Broad national consumer price index (IPCA), Housing","Broad national consumer price index (IPCA), Housing.",2024-09-15 16:57:52,Monthly % var.,402.0,1991-02-01,2024-08-01,45.0,-2.38,49.57,3.3407711442786066,8.543571128824292,30.435323383084576,Mensal,Ativa,
1637,"Broad national consumer price index (IPCA), Domestic goods","Broad national consumer price index (IPCA), Domestic goods.",2024-09-15 16:57:52,Monthly % var.,402.0,1991-02-01,2024-08-01,45.0,-1.37,45.29,2.9379353233830843,8.367087014190687,30.435323383084576,Mensal,Ativa,
1638,"Broad national consumer price index (IPCA), Clothing","Broad national consumer price index (IPCA), Clothing.",2024-09-15 16:57:53,Monthly % var.,402.0,1991-02-01,2024-08-01,45.0,-3.28,47.52,2.988731343283583,8.357425812827799,30.435323383084576,Mensal,Ativa,
1639,"Broad national consumer price index (IPCA), Transport","Broad national consumer price index (IPCA), Transport.",2024-09-15 16:57:54,Monthly % var.,300.0,1999-09-01,2024-08-01,45.0,-4.51,4.68,0.4673333333333333,0.9806933365175146,30.336666666666662,Mensal,Ativa,
1640,"Broad national consumer price index (IPCA), Communication","Broad national consumer price index (IPCA), Communication.",2024-09-15 16:57:56,Monthly % var.,300.0,1999-09-01,2024-08-01,45.0,-2.08,9.31,0.2968666666666666,1.0684769497729978,30.336666666666662,Mensal,Ativa,
1641,"Broad national consumer price index (IPCA), Health and personnal care","Broad national consumer price index (IPCA), Health and personnal care.",2024-09-15 16:57:57,Monthly % var.,402.0,1991-02-01,2024-08-01,45.0,-0.71,47.08,3.3060199004975126,8.881735276723097,30.435323383084576,Mensal,Ativa,
1642,"Broad national consumer price index (IPCA), Personal expenditures","Broad national consumer price index (IPCA), Personal expenditures.",2024-09-15 16:57:58,Monthly % var.,402.0,1991-02-01,2024-08-01,45.0,-0.57,46.64,3.2728855721393035,8.647250446305922,30.435323383084576,Mensal,Ativa,
1643,"Broad national consumer price index (IPCA), Education","Broad national consumer price index (IPCA), Education.",2024-09-15 16:57:58,Monthly % var.,300.0,1999-09-01,2024-08-01,45.0,-3.47,6.7,0.5572333333333334,1.3503082809990727,30.336666666666662,Mensal,Ativa,
1644,"National consumer price index (INPC), Food and beverages","National consumer price index (INPC), Food and beverages.",2024-09-15 16:57:59,Monthly % var.,402.0,1991-02-01,2024-08-01,45.0,-1.44,51.85,3.278383084577116,8.823066127078807,30.435323383084576,Mensal,Ativa,
1645,"National consumer price index (INPC), Housing","National consumer price index (INPC), Housing.",2024-09-15 16:58:06,Monthly % var.,402.0,1991-02-01,2024-08-01,45.0,-2.44,47.07,3.37455223880597,8.552077953935056,30.435323383084576,Mensal,Ativa,
1646,"National consumer price index (INPC), Domestic goods","National consumer price index (INPC), Domestic goods.",2024-09-15 16:58:07,Monthly % var.,402.0,1991-02-01,2024-08-01,45.0,-1.57,45.6,2.9334328358208963,8.35835479741186,30.435323383084576,Mensal,Ativa,
1647,"National consumer price index (INPC), Clothing","National consumer price index (INPC), Clothing.",2024-09-15 16:58:08,Monthly % var.,402.0,1991-02-01,2024-08-01,45.0,-3.01,47.61,2.9851990049751245,8.354964542350801,30.435323383084576,Mensal,Ativa,
1648,"National consumer price index (INPC), Transport","National consumer price index (INPC), Transport.",2024-09-15 16:58:18,Monthly % var.,300.0,1999-09-01,2024-08-01,45.0,-4.44,4.86,0.5117666666666666,0.9075513080876444,30.336666666666662,Mensal,Ativa,
1649,"National consumer price index (INPC), Communication","National consumer price index (INPC), Communication.",2024-09-15 16:58:18,Monthly % var.,300.0,1999-09-01,2024-08-01,45.0,-2.48,9.19,0.2760333333333333,1.0857437068104443,30.336666666666662,Mensal,Ativa,
1650,"National consumer price index (INPC), Health and personal care","National consumer price index (INPC), Health and personal care.",2024-09-15 16:58:24,Monthly % var.,402.0,1991-02-01,2024-08-01,45.0,-1.41,47.51,3.3131592039801,9.040077004037634,30.435323383084576,Mensal,Ativa,
1651,"National consumer price index (INPC), Personal expenditures","National consumer price index (INPC), Personal expenditures.",2024-09-15 16:58:25,Monthly % var.,402.0,1991-02-01,2024-08-01,45.0,-0.89,46.5,3.281094527363184,8.72849098692025,30.435323383084576,Mensal,Ativa,
1652,"National consumer price index (INPC), Education","National consumer price index (INPC), Education.",2024-09-15 16:58:26,Monthly % var.,300.0,1999-09-01,2024-08-01,45.0,-3.73,5.9,0.5569666666666667,1.1960857840884789,30.336666666666662,Mensal,Ativa,
1780,"Monetary base, Currency issued (daily balance)","Monetary base, Currency issued (daily balance).",2024-09-15 17:11:30,c.m.u. (thousand),8428.0,1991-02-04,2024-09-06,9.0,3623159.0,182312612000.0,2118466606.537613,12914470912.691236,1.45562411010916,Diária,Ativa,
1781,"Monetary base, Banking reserves (daily balance)","Monetary base, Banking reserves (daily balance).",2024-09-15 17:11:42,c.m.u. (thousand),8428.0,1991-02-04,2024-09-06,9.0,1195384.0,116842726000.0,1029454486.6922164,6328453084.913465,1.45562411010916,Diária,Ativa,
1782,"Monetary base, Monetary base (daily balance)","Monetary base, Monetary base (daily balance).",2024-09-15 17:11:51,c.m.u. (thousand),8428.0,1991-02-04,2024-09-06,9.0,4818543.0,266462330000.0,3147921093.225439,19126210118.60776,1.45562411010916,Diária,Ativa,
1788,"Monetary base, Monetary base (end-of-period balance)","Monetary base, Monetary base (end-of-period balance).",2024-09-15 17:12:34,c.m.u. (thousand),943.0,1946-02-01,2024-08-01,45.0,4117000.0,242139295000.0,2108558477.2386005,13119767559.786264,30.40402969247084,Mensal,Ativa,
1789,"Factors conditioning the monetary base, Operations with federal securities (daily balance)","Factors conditioning the monetary base, Operations with federal securities (daily balance).",2024-09-15 17:12:46,c.m.u. (thousand),8428.0,1991-02-04,2024-09-06,9.0,-93136000000.0,64641000000.0,-261090423.8374466,4017332739.400184,1.45562411010916,Diária,Ativa,
1790,"Factors conditioning the monetary base, National treasury (daily balance)","Factors conditioning the monetary base, National treasury (daily balance).",2024-09-15 17:12:56,c.m.u. (thousand),8428.0,1991-02-04,2024-09-06,9.0,-48918000000.0,68194000000.0,182069434.9350973,3150575950.009409,1.45562411010916,Diária,Ativa,
1791,"Factors conditioning the monetary base, External sector operations (daily balance)","Factors conditioning the monetary base, External sector operations (daily balance).",2024-09-15 17:13:12,c.m.u. (thousand),8428.0,1991-02-04,2024-09-06,9.0,-53031000000.0,108491000000.0,543187254.4797105,4860765604.8714905,1.45562411010916,Diária,Ativa,
1795,"Factors conditioning the monetary base, Deposits of financial institutions (daily balance)","Factors conditioning the monetary base, Deposits of financial institutions (daily balance).",2024-09-15 17:13:26,c.m.u. (thousand),8428.0,1991-02-04,2024-09-06,9.0,-19150000000.0,6687155000.0,25246669.77052681,759316276.2602224,1.45562411010916,Diária,Ativa,
1798,"Factors conditioning the monetary base, Monetary Authority-other accounts (daily balance)","Factors conditioning the monetary base, Monetary Authority-other accounts (daily balance).",2024-09-15 17:13:39,c.m.u. (thousand),8428.0,1991-02-04,2024-09-06,9.0,-6087000000.0,8151000000.0,31832050.70467489,392164747.9921288,1.45562411010916,Diária,Ativa,
1833,Extended monetary base (end-of-period balance),Extended monetary base (end-of-period balance).,2024-09-15 17:15:02,c.m.u. (thousand),361.0,1994-08-01,2024-08-01,45.0,75908524.0,9279491024.0,2835771992.3767314,2549828001.848361,30.35457063711912,Mensal,Ativa,
3546,"International reserves, Total, monthly","International reserves, Total, monthly.",2024-09-15 18:19:55,US$ (million),644.0,1971-01-01 00:00:00,2024-08-01 00:00:00,45.0,1229.0,388092.0,122424.64440993789,149238.8935886795,30.38975155279503,Mensal,Ativa,
3547,"International reserves, Foreign currency reserves (in convertible foreign currencies), Total","International reserves, Foreign currency reserves (in convertible foreign currencies), Total.",2024-09-15 18:19:56,US$ (million),284.0,2001-01-01 00:00:00,2024-08-01 00:00:00,45.0,31925.0,372627.0,242022.0,128507.1011235574,30.3274647887324,Mensal,Ativa,
3548,"International reserves, Foreign currency reserves (in convertible foreign currencies), Securities","International reserves, Foreign currency reserves (in convertible foreign currencies), Securities.",2024-09-15 18:20:04,US$ (million),284.0,2001-01-01 00:00:00,2024-08-01 00:00:00,45.0,14956.0,364617.0,223807.24647887325,126910.7480582687,30.3274647887324,Mensal,Ativa,
3549,"International reserves, Foreign currency reserves (in convertible foreign currencies), Currency and de posits","International reserves, Foreign currency reserves (in convertible foreign currencies), Currency and de posits.",2024-09-15 18:20:05,US$ (million),284.0,2001-01-01 00:00:00,2024-08-01 00:00:00,45.0,2183.0,37874.0,18214.7676056338,8080.4028676858625,30.3274647887324,Mensal,Ativa,
3550,"International reserves, IMF reserve position","International reserves, IMF reserve position.",2024-09-15 18:20:07,US$ (million),284.0,2001-01-01 00:00:00,2024-08-01 00:00:00,45.0,0.0,4580.0,1905.5669014084508,1648.4763537262538,30.3274647887324,Mensal,Ativa,
3551,"International reserves, SDRs","International reserves, SDRs.",2024-09-15 18:20:07,US$ (million),284.0,2001-01-01 00:00:00,2024-08-01 00:00:00,45.0,0.0,19583.0,4513.542253521126,5874.113602628306,30.3274647887324,Mensal,Ativa,
3552,"International reserves, Gold (including gold deposits)","International reserves, Gold (including gold deposits).",2024-09-15 18:20:08,US$ (million),284.0,2001-01-01 00:00:00,2024-08-01 00:00:00,45.0,265.0,10429.0,2615.9330985915494,2463.3713616653604,30.3274647887324,Mensal,Ativa,
3553,"International reserves, Gold (volume)","International reserves, Gold (volume).",2024-09-15 18:20:09,troy oz (thousand),284.0,2001-01-01 00:00:00,2024-08-01 00:00:00,45.0,1028.0,4168.0,1904.9612676056336,1029.5208164814858,30.3274647887324,Mensal,Ativa,
3554,"International reserves, Other reserve assets, Total","International reserves, Other reserve assets, Total.",2024-09-15 18:20:10,US$ (million),284.0,2001-01-01 00:00:00,2024-08-01 00:00:00,45.0,-52.0,25861.0,4531.781690140845,5427.645666929751,30.3274647887324,Mensal,Ativa,
3555,"International reserves, Other reserve assets, Financial derivatives","International reserves, Other reserve assets, Financial derivatives.",2024-09-15 18:20:11,US$ (million),284.0,2001-01-01 00:00:00,2024-08-01 00:00:00,45.0,-456.0,461.0,-9.172535211267606,89.52612871997387,30.3274647887324,Mensal,Ativa,
3556,"International reserves, Other reserve assets, Loans to nonbank nonresidents","International reserves, Other reserve assets, Loans to nonbank nonresidents.",2024-09-15 18:20:11,US$ (million),284.0,2001-01-01 00:00:00,2024-08-01 00:00:00,45.0,0.0,271.0,26.524647887323944,44.101746616725926,30.3274647887324,Mensal,Ativa,
3695,"Exchange rate, Free, United States dollar (purchase), end of period, 3695","Exchange rate, Free, United States dollar (purchase), end of period, 3695.",2024-09-15 18:21:41,c.m.u./US$,859.0,1953-02-01 00:00:00,2024-08-01 00:00:00,45.0,0.84,71152.0,663.2748703143191,3926.0996402134047,30.40046565774156,Mensal,Ativa,
3696,"Exchange rate, Free, United States dollar (sale), end of period, 3696","Exchange rate, Free, United States dollar (sale), end of period, 3696.",2024-09-15 18:21:42,c.m.u./US$,859.0,1953-02-01 00:00:00,2024-08-01 00:00:00,45.0,0.842,71153.0,666.2296305005821,3927.713595342616,30.40046565774156,Mensal,Ativa,
3697,"Exchange rate, Free, United States dollar (purchase), period average, 3697","Exchange rate, Free, United States dollar (purchase), period average, 3697.",2024-09-15 18:21:44,c.m.u./US$,859.0,1953-02-01 00:00:00,2024-08-01 00:00:00,45.0,0.8388,62772.227,610.8676522700815,3499.115479896345,30.40046565774156,Mensal,Ativa,
3698,"Exchange rate, Free, United States dollar (sale), period average, 3698","Exchange rate, Free, United States dollar (sale), period average, 3698.",2024-09-15 18:21:45,c.m.u./US$,859.0,1953-02-01 00:00:00,2024-08-01 00:00:00,45.0,0.8408,62773.236,613.6444761350407,3500.69406552187,30.40046565774156,Mensal,Ativa,
4189,"Interest rate, Selic accumulated in the month in annual terms (basis 252)","Interest rate, Selic accumulated in the month in annual terms (basis 252).",2024-09-15 18:33:17,% p.y.,458.0,1986-08-01 00:00:00,2024-09-01 00:00:00,14.0,1.9,438898.83,1617.979737991266,20757.26777365726,30.37336244541485,Mensal,Ativa,
4389,"Interest rate, CDI in annual terms (basis 252)","Interest rate, CDI in annual terms (basis 252).",2024-09-15 18:37:30,% p.y.,9638.0,1986-03-06 00:00:00,2024-09-12 00:00:00,3.0,1.9,1826019.46,1836.167268105416,27538.258692242423,1.459846441170367,Diária,Ativa,
4390,"Interest rate, Selic accumulated in the month","Interest rate, Selic accumulated in the month.",2024-09-15 18:37:41,% p.m.,458.0,1986-08-01 00:00:00,2024-09-01 00:00:00,14.0,0.13,82.04,6.070611353711791,11.593617616106382,30.37336244541485,Mensal,Ativa,
4391,"Interest rate, CDI accumulated in the month","Interest rate, CDI accumulated in the month.",2024-09-15 18:37:41,% p.m.,458.0,1986-08-01 00:00:00,2024-09-01 00:00:00,14.0,0.13,79.94,6.183122270742359,11.632656348882136,30.37336244541485,Mensal,Ativa,
4392,"Interest rate, CDI accumulated in the month in annual terms (basis 252)","Interest rate, CDI accumulated in the month in annual terms (basis 252).",2024-09-15 18:37:43,% p.y.,458.0,1986-08-01 00:00:00,2024-09-01 00:00:00,14.0,1.9,372919.82,1503.0045851528384,17733.66175324649,30.37336244541485,Mensal,Ativa,
4393,Consumer confidence index,Consumer confidence index.,2024-09-15 18:37:44,Index,305.0,1999-04-01 00:00:00,2024-08-01 00:00:00,45.0,75.86,170.18,121.27655737704916,22.271162281285672,30.340983606557376,Mensal,Ativa,
4394,Current economic conditions index,Current economic conditions index.,2024-09-15 18:37:45,Index,305.0,1999-04-01 00:00:00,2024-08-01 00:00:00,45.0,47.35,167.9,103.4612786885246,33.820309950322645,30.340983606557376,Mensal,Ativa,
4395,Future expectations index,Future expectations index.,2024-09-15 18:37:46,Index,305.0,1999-04-01 00:00:00,2024-08-01 00:00:00,45.0,86.86,171.7,133.15354098360658,18.059184313752507,30.340983606557376,Mensal,Ativa,
4447,"Broad national consumer price index (IPCA), Tradables","Broad national consumer price index (IPCA), Tradables.",2024-09-15 18:39:13,Monthly % var.,392.0,1992-01-01 00:00:00,2024-08-01 00:00:00,45.0,-0.76,50.94,2.7958418367346938,8.371412889423251,30.35969387755102,Mensal,Ativa,
4448,"Broad national consumer price index (IPCA), Nontradables","Broad national consumer price index (IPCA), Nontradables.",2024-09-15 18:39:14,Monthly % var.,392.0,1992-01-01 00:00:00,2024-08-01 00:00:00,45.0,-0.53,44.63,2.8659438775510204,8.146176052176694,30.35969387755102,Mensal,Ativa,
4449,"Broad National Consumer Price Index (IPCA), Administred prices","Broad National Consumer Price Index (IPCA), Administred prices.",2024-09-15 18:39:14,Monthly % var.,392.0,1992-01-01 00:00:00,2024-08-01 00:00:00,45.0,-4.35,45.22,2.9870153061224487,8.286741236887444,30.35969387755102,Mensal,Ativa,
4466,"Broad national consumer price index, Smoothed trimmed mean Core IPCA","Broad national consumer price index, Smoothed trimmed mean Core IPCA.",2024-09-15 18:39:28,Monthly % var.,343.0,1996-02-01 00:00:00,2024-08-01 00:00:00,45.0,-0.07,1.36,0.485131195335277,0.2317475505413171,30.346938775510203,Mensal,Ativa,
4467,Consumer Price Index-Brazil core (Core IPC-Br),Consumer Price Index-Brazil core (Core IPC-Br).,2024-09-15 18:39:28,Monthly % var.,343.0,1996-02-01 00:00:00,2024-08-01 00:00:00,45.0,-0.05,1.46,0.4226822157434402,0.2214923622930155,30.346938775510203,Mensal,Ativa,
7323,"International reserves, Other reserve assets, Reverse Repo","International reserves, Other reserve assets, Reverse Repo.",2024-09-15 19:57:00,US$ (million),271.0,2002-02-01 00:00:00,2024-08-01 00:00:00,45.0,0.0,25616.0,4730.258302583025,5478.1331437306335,30.321033210332104,Mensal,Ativa,Sucesso
7384,"Sales of factory authorized vehicle outlets, Passenger cars sales","Sales of factory authorized vehicle outlets, Passenger cars sales.",2024-09-15 19:58:55,Units,415.0,1990-02-01 00:00:00,2024-08-01 00:00:00,45.0,23705.0,325722.0,137605.27469879517,57385.71221642365,30.36144578313253,Mensal,Ativa,Sucesso
7385,"Sales of factory authorized vehicle outlets, Light commercial cars sales","Sales of factory authorized vehicle outlets, Light commercial cars sales.",2024-09-15 19:58:56,Units,415.0,1990-02-01 00:00:00,2024-08-01 00:00:00,45.0,5531.0,79746.0,29607.34457831325,16067.204911433822,30.36144578313253,Mensal,Ativa,Sucesso
7386,"Sales of factory authorized vehicle outlets, Trucks sales","Sales of factory authorized vehicle outlets, Trucks sales.",2024-09-15 19:58:57,Units,415.0,1990-02-01 00:00:00,2024-08-01 00:00:00,45.0,1104.0,17457.0,6992.821686746988,3397.617895564898,30.36144578313253,Mensal,Ativa,Sucesso
7387,"Sales of factory authorized vehicle outlets, Buses sales","Sales of factory authorized vehicle outlets, Buses sales.",2024-09-15 19:58:58,Units,415.0,1990-02-01 00:00:00,2024-08-01 00:00:00,45.0,408.0,3587.0,1646.510843373494,633.7292959413437,30.36144578313253,Mensal,Ativa,Sucesso
7389,"Sales of factory authorized vehicle outlets, Sales (total)","Sales of factory authorized vehicle outlets, Sales (total).",2024-09-15 19:59:00,Units,415.0,1990-02-01 00:00:00,2024-08-01 00:00:00,45.0,4600.0,420048.0,175660.6313253012,75971.63407795611,30.36144578313253,Mensal,Ativa,Sucesso
7447,General Price Index-10 (IGP-10),General Price Index-10 (IGP-10).,2024-09-15 20:02:20,Monthly % var.,359.0,1994-10-01 00:00:00,2024-08-01 00:00:00,45.0,-2.2,4.87,0.6842618384401113,0.9054835730600124,30.35376044568245,Mensal,Ativa,Sucesso
7450,Wholesale Price Index-Market (IPA-M),Wholesale Price Index-Market (IPA-M).,2024-09-15 20:02:27,Monthly % var.,359.0,1994-10-01 00:00:00,2024-08-01 00:00:00,45.0,-2.73,6.73,0.7309192200557102,1.2531007314565912,30.35376044568245,Mensal,Ativa,Sucesso
7451,"Wholesale Price Index-Market (IPA-M), 1st ten-day period","Wholesale Price Index-Market (IPA-M), 1st ten-day period.",2024-09-15 20:02:28,Monthly % var.,358.0,1994-11-01 00:00:00,2024-08-01 00:00:00,45.0,-2.74,6.14,0.3870391061452514,0.9253169060476988,30.35195530726257,Mensal,Ativa,Sucesso
7453,Consumer Price Index-Market (IPC-M),Consumer Price Index-Market (IPC-M).,2024-09-15 20:02:30,Monthly % var.,359.0,1994-10-01 00:00:00,2024-08-01 00:00:00,45.0,-1.18,3.64,0.5547353760445681,0.5724170791128821,30.35376044568245,Mensal,Ativa,Sucesso
7454,"Consumer Price Index-Market (IPC-M), 1st ten-day period","Consumer Price Index-Market (IPC-M), 1st ten-day period.",2024-09-15 20:02:33,Monthly % var.,358.0,1994-11-01 00:00:00,2024-08-01 00:00:00,45.0,-1.66,2.75,0.3440502793296089,0.4535920349384297,30.35195530726257,Mensal,Ativa,Sucesso
7457,"National Index of Building Costs-Market (INCC-M), 1st ten-day period","National Index of Building Costs-Market (INCC-M), 1st ten-day period.",2024-09-15 20:02:49,Monthly % var.,358.0,1994-11-01 00:00:00,2024-08-01 00:00:00,45.0,-0.68,7.48,0.5222346368715083,0.6426987311929585,30.35195530726257,Mensal,Ativa,Sucesso
7459,"Wholesale Price Index-Global Supply (IPA-OG), Industrial products","Wholesale Price Index-Global Supply (IPA-OG), Industrial products.",2024-09-15 20:02:51,Monthly % var.,367.0,1994-02-01 00:00:00,2024-08-01 00:00:00,45.0,-2.9,45.54,1.290517711171662,5.049878914751046,30.35149863760218,Mensal,Ativa,Sucesso
7460,"Wholesale Price Index-Global Supply (IPA-OG), Agricultural products","Wholesale Price Index-Global Supply (IPA-OG), Agricultural products.",2024-09-15 20:02:56,Monthly % var.,367.0,1994-02-01 00:00:00,2024-08-01 00:00:00,45.0,-9.58,48.94,1.5689100817438697,5.975418169977751,30.35149863760218,Mensal,Ativa,Sucesso
7461,"National Index of Building Costs-Market (INCC-DI), Working force","National Index of Building Costs-Market (INCC-DI), Working force.",2024-09-15 20:02:57,Monthly % var.,331.0,1997-02-01 00:00:00,2024-08-01 00:00:00,45.0,-1.26,5.48,0.632356495468278,0.8808325296292908,30.34138972809668,Mensal,Ativa,Sucesso
7462,"National Index of Building Costs-Market (INCC-DI), Services and materials","National Index of Building Costs-Market (INCC-DI), Services and materials.",2024-09-15 20:02:58,Monthly % var.,331.0,1997-02-01 00:00:00,2024-08-01 00:00:00,45.0,-0.57,3.99,0.5930211480362538,0.614824386979024,30.34138972809668,Mensal,Ativa,Sucesso
7463,"Consumer Price Index (IPC-Fipe), 1st four week period","Consumer Price Index (IPC-Fipe), 1st four week period.",2024-09-15 20:02:59,Monthly % var.,355.0,1995-02-01 00:00:00,2024-08-01 00:00:00,45.0,-1.0,3.38,0.4948732394366196,0.5184534512003082,30.34929577464789,Mensal,Ativa,Sucesso
7464,"Consumer Price Index (IPC-Fipe), 3rd four week period","Consumer Price Index (IPC-Fipe), 3rd four week period.",2024-09-15 20:03:00,Monthly % var.,355.0,1995-02-01 00:00:00,2024-08-01 00:00:00,45.0,-1.15,3.99,0.4948450704225353,0.5271339908321245,30.34929577464789,Mensal,Ativa,Sucesso
7465,"Consumer Price Index (IPC-Fipe), Food stuffs","Consumer Price Index (IPC-Fipe), Food stuffs.",2024-09-15 20:03:02,Monthly % var.,331.0,1997-02-01 00:00:00,2024-08-01 00:00:00,45.0,-1.96,6.27,0.5319335347432024,1.0274908574949215,30.34138972809668,Mensal,Ativa,Sucesso
7466,"Consumer Price Index (IPC-Fipe), Semi industrialized goods","Consumer Price Index (IPC-Fipe), Semi industrialized goods.",2024-09-15 20:03:03,Monthly % var.,331.0,1997-02-01 00:00:00,2024-08-01 00:00:00,45.0,-3.5,9.93,0.5812084592145015,1.9832650739078648,30.34138972809668,Mensal,Ativa,Sucesso
7467,"Consumer Price Index (IPC-Fipe), Industrialized goods","Consumer Price Index (IPC-Fipe), Industrialized goods.",2024-09-15 20:03:04,Monthly % var.,331.0,1997-02-01 00:00:00,2024-08-01 00:00:00,45.0,-1.69,7.02,0.4891238670694863,0.8883673242484063,30.34138972809668,Mensal,Ativa,Sucesso
7468,"Consumer Price Index (IPC-Fipe), In natura","Consumer Price Index (IPC-Fipe), In natura.",2024-09-15 20:03:05,Monthly % var.,331.0,1997-02-01 00:00:00,2024-08-01 00:00:00,45.0,-7.24,9.68,0.5261329305135952,3.166728380651139,30.34138972809668,Mensal,Ativa,Sucesso
7469,"Consumer Price Index (IPC-Fipe), Housing","Consumer Price Index (IPC-Fipe), Housing.",2024-09-15 20:03:06,Monthly % var.,331.0,1997-02-01 00:00:00,2024-08-01 00:00:00,45.0,-1.18,2.34,0.3496676737160121,0.4822028475592704,30.34138972809668,Mensal,Ativa,Sucesso
7470,"Consumer Price Index (IPC-Fipe), Transportation","Consumer Price Index (IPC-Fipe), Transportation.",2024-09-15 20:03:16,Monthly % var.,331.0,1997-02-01 00:00:00,2024-08-01 00:00:00,45.0,-2.7,6.16,0.5348640483383686,1.044203435540446,30.34138972809668,Mensal,Ativa,Sucesso
7471,"Consumer Price Index (IPC-Fipe), Personal expenses","Consumer Price Index (IPC-Fipe), Personal expenses.",2024-09-15 20:03:17,Monthly % var.,331.0,1997-02-01 00:00:00,2024-08-01 00:00:00,45.0,-1.85,3.05,0.4471601208459215,0.6649956265830106,30.34138972809668,Mensal,Ativa,Sucesso
7472,"Consumer Price Index (IPC-Fipe), Clothing","Consumer Price Index (IPC-Fipe), Clothing.",2024-09-15 20:03:18,Monthly % var.,331.0,1997-02-01 00:00:00,2024-08-01 00:00:00,45.0,-5.44,7.07,0.2030815709969788,1.23414141029249,30.34138972809668,Mensal,Ativa,Sucesso
7473,"Consumer Price Index (IPC-Fipe), Health","Consumer Price Index (IPC-Fipe), Health.",2024-09-15 20:03:19,Monthly % var.,331.0,1997-02-01 00:00:00,2024-08-01 00:00:00,45.0,-0.84,2.71,0.5599999999999999,0.4604589278561381,30.34138972809668,Mensal,Ativa,Sucesso
7475,"Consumer Price Index (IPC-Fipe), Tradables","Consumer Price Index (IPC-Fipe), Tradables.",2024-09-15 20:03:28,Monthly % var.,332.0,1997-01-01 00:00:00,2024-08-01 00:00:00,45.0,-1.54,3.81,0.4078915662650602,0.6204318837274369,30.343373493975903,Mensal,Ativa,Sucesso
7476,"Consumer Price Index (IPC-Fipe), Nontradables","Consumer Price Index (IPC-Fipe), Nontradables.",2024-09-15 20:03:29,Monthly % var.,332.0,1997-01-01 00:00:00,2024-08-01 00:00:00,45.0,-1.01,2.65,0.4513554216867471,0.5895625139761893,30.343373493975903,Mensal,Ativa,Sucesso
7477,"Consumer Price Index (IPC-Fipe), Supervised prices","Consumer Price Index (IPC-Fipe), Supervised prices.",2024-09-15 20:03:30,Monthly % var.,332.0,1997-01-01 00:00:00,2024-08-01 00:00:00,45.0,-1.73,5.04,0.5296084337349397,0.8683307754759283,30.343373493975903,Mensal,Ativa,Sucesso
7478,National Consumer Price Index-Extended 15 (IPCA-15),National Consumer Price Index-Extended 15 (IPCA-15).,2024-09-15 20:03:30,Monthly % var.,291.0,2000-06-01 00:00:00,2024-08-01 00:00:00,45.0,-0.73,3.05,0.5050171821305842,0.4008072669263841,30.33333333333333,Mensal,Ativa,Sucesso
7495,SINAPI,SINAPI.,2024-09-15 20:04:02,Monthly % var.,415.0,1990-02-01 00:00:00,2024-08-01 00:00:00,45.0,-6.15,80.16,3.799156626506024,9.992275181191966,30.36144578313253,Mensal,Ativa,Sucesso
7811,"Referential rate (TR), first day of the month","Referential rate (TR), first day of the month.",2024-09-15 20:12:42,% p.m.,403.0,1991-03-01 00:00:00,2024-09-01 00:00:00,14.0,0.0,46.88,2.9341359801488838,8.593624550551501,30.36724565756824,Mensal,Ativa,Sucesso
7812,"Referencial rate (TR), First day of the month in annual terms","Referencial rate (TR), First day of the month in annual terms.",2024-09-15 20:12:43,% p.y.,403.0,1991-03-01 00:00:00,2024-09-01 00:00:00,14.0,0.0,14988.78,276.5698962779156,1297.4056471362385,30.36724565756824,Mensal,Ativa,Sucesso
7813,"Base financial rate (TBF), First day of the month","Base financial rate (TBF), First day of the month.",2024-09-15 20:12:44,% p.m.,350.0,1995-08-01 00:00:00,2024-09-01 00:00:00,14.0,0.1348,3.84,1.0739574285714286,0.5603321843143307,30.35428571428572,Mensal,Ativa,Sucesso
7814,"Base financial rate (TBF), First day of the month in annual terms","Base financial rate (TBF), First day of the month in annual terms.",2024-09-15 20:12:46,% p.y.,350.0,1995-08-01 00:00:00,2024-09-01 00:00:00,14.0,1.7965,51.05,13.98768142857143,7.950358754672158,30.35428571428572,Mensal,Ativa,Sucesso
7815,"Interest rate, TJLP in monthly terms","Interest rate, TJLP in monthly terms.",2024-09-15 20:12:46,% p.m.,357.0,1995-01-01 00:00:00,2024-09-01 00:00:00,14.0,0.36,1.95,0.6769187675070027,0.2945354876667766,30.352941176470587,Mensal,Ativa,Sucesso
7828,"Saving deposits up to 05.03.2012, Return in the time period (1st day of the month)","Saving deposits up to 05.03.2012, Return in the time period (1st day of the month).",2024-09-15 20:13:02,% p.m.,556.0,1966-12-01 00:00:00,2024-09-01 00:00:00,14.0,0.5,85.2416,6.424680755395683,10.686820607293631,37.93884892086331,Mensal,Ativa,Sucesso
7836,"Monthly saving deposits balance, Brazilian system of saving deposits and loans (SBPE)","Monthly saving deposits balance, Brazilian system of saving deposits and loans (SBPE).",2024-09-15 20:13:14,c.m.u. (million),361.0,1994-08-01 00:00:00,2024-08-01 00:00:00,45.0,41501.0,1038860.0,420859.58725761774,330698.8038342758,30.354570637119117,Mensal,Ativa,Sucesso
8309,Earnings credited to saving deposits account,Earnings credited to saving deposits account.,2024-09-15 20:25:37,c.m.u. (thousand),7428.0,1995-01-02 00:00:00,2024-08-15 00:00:00,31.0,0.0,1540247.06,105845.04871953683,129081.03012056,1.4563812600969306,Diária,Ativa,Sucesso
10813,"Exchange rate, Free, United States dollar (buy)","Exchange rate, Free, United States dollar (buy).",2024-09-15 16:09:17,c.m.u./US$,9972.0,1984-11-28,2024-09-13,2.0,0.827,71152.0,847.397095006017,4691.805398364001,1.4574809466506218,Diária,Ativa,
10841,"National Consumer Price Index-Extended (IPCA), Nondurable goods","National Consumer Price Index-Extended (IPCA), Nondurable goods.",2024-09-15 16:09:55,Monthly % var.,391.0,1992-02-01,2024-08-01,45.0,-1.11,51.61,2.8715089514066494,8.416382774047213,30.35805626598465,Mensal,Ativa,
10842,"National Consumer Price Index-Extended (IPCA), Semidurable goods","National Consumer Price Index-Extended (IPCA), Semidurable goods.",2024-09-15 16:09:56,Monthly % var.,391.0,1992-02-01,2024-08-01,45.0,-2.27,48.2,2.6578772378516624,8.183579578222231,30.35805626598465,Mensal,Ativa,
10843,"National Consumer Price Index-Extended (IPCA), Durable goods","National Consumer Price Index-Extended (IPCA), Durable goods.",2024-09-15 16:09:57,Monthly % var.,391.0,1992-02-01,2024-08-01,45.0,-2.59,46.84,2.474910485933504,8.137252918280792,30.35805626598465,Mensal,Ativa,
10844,"Broad National Consumer Price Index (IPCA), Services","Broad National Consumer Price Index (IPCA), Services.",2024-09-15 16:09:58,Monthly % var.,391.0,1992-02-01,2024-08-01,45.0,-0.47,45.42,2.825831202046036,7.999828700867854,30.35805626598465,Mensal,Ativa,
11426,"Broad national consumer price index, Trimmed mean Core IPCA","Broad national consumer price index, Trimmed mean Core IPCA.",2024-09-15 16:18:24,Monthly % var.,283.0,2001-02-01,2024-08-01,45.0,-0.07,1.7,0.4243462897526502,0.2280456130777057,30.325088339222614,Mensal,Ativa,
11427,"Broad national consumer price index, EX0 Core IPCA","Broad national consumer price index, EX0 Core IPCA.",2024-09-15 16:18:25,Monthly % var.,343.0,1996-02-01,2024-08-01,45.0,-0.27,1.66,0.4393877551020407,0.2887833493997875,30.346938775510203,Mensal,Ativa,
11428,"Broad national consumer price index (IPCA), non monitored prices","Broad national consumer price index (IPCA), non monitored prices.",2024-09-15 16:18:25,Monthly % var.,391.0,1992-02-01,2024-08-01,45.0,-0.45,48.32,2.7702557544757034,8.177316338415952,30.35805626598465,Mensal,Ativa,
12381,Monetary Updating Index on Fines Applied by Banco Central,Monetary Updating Index on Fines Applied by Banco Central.,2024-09-15 16:37:54,Index,22007.0,1964-10-01,2024-12-31,-107.0,0.48390206,36413.57833356,684.0966424770115,2613.559247885951,0.9999545599127552,Diária,Ativa,
12481,"Factors conditioning the monetary base, Central Bank discount window (daily balance)","Factors conditioning the monetary base, Central Bank discount window (daily balance).",2024-09-15 16:39:11,c.m.u. (thousand),6171.0,2000-02-14,2024-09-06,9.0,-2132627.0,10355280.0,-9659.636525684657,231786.07645236267,1.453735213093502,Diária,Ativa,
12485,"Factors conditioning the monetary base, Derivatives operations-adjustments (daily balance)","Factors conditioning the monetary base, Derivatives operations-adjustments (daily balance).",2024-09-15 16:39:25,c.m.u. (thousand),5619.0,2002-05-03,2024-09-06,9.0,-45964009.0,51692430.0,46797.74728599395,8031551.221783301,1.452571631962983,Diária,Ativa,
12501,Delinquency Interest Rate on Fines Applied by Banco Central,Delinquency Interest Rate on Fines Applied by Banco Central.,2024-09-15 16:39:34,Index,729.0,1964-01-01,2024-09-01,14.0,0.00134527,0.39193784,0.0141856335390946,0.0363691482841002,30.396433470507542,Mensal,Ativa,
12596,"Trade balance, Amapá","Trade balance, Amapá.",2024-09-15 16:40:16,US$ (thousand),416.0,1990-01-01,2024-08-01,45.0,-181356.0,84961.0,4292.846153846154,27620.921411227217,30.36298076923077,Mensal,Ativa,
12597,"Trade balance, Acre","Trade balance, Acre.",2024-09-15 16:40:17,US$ (thousand),416.0,1990-01-01,2024-08-01,45.0,-22885.0,15188.0,1073.3052884615386,2129.5868790094178,30.36298076923077,Mensal,Ativa,
12598,"Trade balance, Amazonas","Trade balance, Amazonas.",2024-09-15 16:40:18,US$ (thousand),416.0,1990-01-01,2024-08-01,45.0,-1542347.0,-50060.0,-534581.0144230769,372658.9191926719,30.36298076923077,Mensal,Ativa,
12599,"Trade balance, Pará","Trade balance, Pará.",2024-09-15 16:40:19,US$ (thousand),428.0,1989-01-01,2024-08-01,45.0,27810.0,3389888.0,697407.8621495328,633949.2491905758,30.36448598130841,Mensal,Ativa,
12600,"Trade balance, Rondônia","Trade balance, Rondônia.",2024-09-15 16:40:21,US$ (thousand),416.0,1990-01-01,2024-08-01,45.0,-53436.0,337793.0,26204.834134615383,49796.93476688341,30.36298076923077,Mensal,Ativa,
12601,"Trade balance, Roraima","Trade balance, Roraima.",2024-09-15 16:40:22,US$ (thousand),416.0,1990-01-01,2024-08-01,45.0,-18383.0,79907.0,3755.1875,10137.518803794605,30.36298076923077,Mensal,Ativa,
12602,"Trade balance, Tocantins","Trade balance, Tocantins.",2024-09-15 16:40:23,US$ (thousand),308.0,1999-01-01,2024-08-01,45.0,-43624.0,446829.0,51312.21428571428,81786.01280834935,30.337662337662337,Mensal,Ativa,
12661,"Broad National Consumer Price Index, monthly variation, Porto Alegre","Broad National Consumer Price Index, monthly variation, Porto Alegre.",2024-09-15 16:40:33,%,421.0,1989-07-01,2024-08-01,45.0,-0.9,91.61,4.509738717339667,11.435780739505503,30.43942992874109,Mensal,Ativa,
12662,"National Consumer Price Index, monthly variation, Porto Alegre","National Consumer Price Index, monthly variation, Porto Alegre.",2024-09-15 16:40:34,%,422.0,1989-07-01,2024-08-01,45.0,-0.78,92.09,4.490236966824645,11.377021908089898,30.36729857819905,Mensal,Ativa,
12675,"Broad National Consumer Price Index, monthly variation, Recife","Broad National Consumer Price Index, monthly variation, Recife.",2024-09-15 16:40:36,Monthly % var.,422.0,1989-07-01,2024-08-01,45.0,-1.4,82.24,4.534513064133017,11.402898464569493,30.36729857819905,Mensal,Ativa,
12676,"National Consumer Price Index, monthly variation, Recife","National Consumer Price Index, monthly variation, Recife.",2024-09-15 16:40:37,%,422.0,1989-07-01,2024-08-01,45.0,-1.13,82.37,4.515236966824645,11.340176671941194,30.36729857819905,Mensal,Ativa,
12852,"Broad National Consumer Price Index, monthly variation, Belo Horizonte","Broad National Consumer Price Index, monthly variation, Belo Horizonte.",2024-09-15 16:41:17,%,422.0,1989-07-01,2024-08-01,45.0,-1.25,77.24,4.495189573459715,11.195511754969624,30.36729857819905,Mensal,Ativa,
12853,"National Consumer Price Index, monthly variation, Belo Horizonte","National Consumer Price Index, monthly variation, Belo Horizonte.",2024-09-15 16:41:18,%,422.0,1989-07-01,2024-08-01,45.0,-1.2,76.89,4.49627962085308,11.190493893673072,30.36729857819905,Mensal,Ativa,
13003,"Broad National Consumer Price Index, monthly variation, Salvador","Broad National Consumer Price Index, monthly variation, Salvador.",2024-09-15 16:42:40,%,422.0,1989-07-01,2024-08-01,45.0,-1.06,81.05,4.448883610451307,11.28206070497349,30.36729857819905,Mensal,Ativa,
13004,"National Consume Price Index, monthly variation, Salvador","National Consume Price Index, monthly variation, Salvador.",2024-09-15 16:42:41,%,422.0,1989-07-01,2024-08-01,45.0,-0.96,80.37,4.43104513064133,11.204717091278004,30.36729857819905,Mensal,Ativa,
13005,"Broad National Consumer Price Index, monthly variation, Fortaleza","Broad National Consumer Price Index, monthly variation, Fortaleza.",2024-09-15 16:42:42,%,422.0,1989-07-01,2024-08-01,45.0,-0.74,82.04,4.506817102137767,11.341368391331676,30.36729857819905,Mensal,Ativa,
13006,"National Consumer Price Index, monthly variation, Fortaleza","National Consumer Price Index, monthly variation, Fortaleza.",2024-09-15 16:42:42,%,422.0,1989-07-01,2024-08-01,45.0,-0.72,80.83,4.51418052256532,11.338769191024836,30.36729857819905,Mensal,Ativa,
13021,"Exports of goods, São Paulo","Exports of goods, São Paulo.",2024-09-15 16:42:47,US$ (thousand),428.0,1989-01-01,2024-08-01,45.0,540887.0,7064662.0,3067361.9859813084,1641332.3276735025,30.36448598130841,Mensal,Ativa,
13022,"Imports of goods, São Paulo","Imports of goods, São Paulo.",2024-09-15 16:42:47,US$ (thousand),428.0,1989-01-01,2024-08-01,45.0,347199.0,9538630.0,3678029.787383178,2190064.7685151226,30.36448598130841,Mensal,Ativa,
13023,"Trade balance, São Paulo","Trade balance, São Paulo.",2024-09-15 16:42:48,US$ (thousand),428.0,1989-01-01,2024-08-01,45.0,-4697472.0,1419309.0,-610667.7686915888,948718.1197557696,30.36448598130841,Mensal,Ativa,
13024,"Broad National Consumer Price Index, monthly variation, São Paulo","Broad National Consumer Price Index, monthly variation, São Paulo.",2024-09-15 16:42:49,%,422.0,1989-07-01,2024-08-01,45.0,-0.47,79.62,4.49739336492891,11.26703584587623,30.36729857819905,Mensal,Ativa,
13025,"National Consumer Price Index, monthly variation, São Paulo","National Consumer Price Index, monthly variation, São Paulo.",2024-09-15 16:42:50,%,422.0,1989-07-01,2024-08-01,45.0,-0.43,80.65,4.523720379146919,11.2592919092154,30.36729857819905,Mensal,Ativa,
13026,"Exports of goods, Minas Gerais","Exports of goods, Minas Gerais.",2024-09-15 16:42:51,US$ (thousand),428.0,1989-01-01,2024-08-01,45.0,239472.0,4295560.0,1520374.460280374,1081338.0816598977,30.36448598130841,Mensal,Ativa,
13028,"Import of goods, Minas Gerais","Import of goods, Minas Gerais.",2024-09-15 16:42:52,US$ (thousand),428.0,1989-01-01,2024-08-01,45.0,6482.0,1832723.0,547791.7242990654,406876.5753754095,30.36448598130841,Mensal,Ativa,
13029,"Trade balance, Minas Gerais","Trade balance, Minas Gerais.",2024-09-15 16:42:56,US$ (thousand),428.0,1989-01-01,2024-08-01,45.0,65977.0,2973752.0,972582.7570093458,704720.445387598,30.36448598130841,Mensal,Ativa,
13030,"Exports of goods, Goiás","Exports of goods, Goiás.",2024-09-15 16:42:57,US$ (thousand),428.0,1989-01-01,2024-08-01,45.0,6148.0,1517844.0,329702.3785046729,353742.47013575945,30.36448598130841,Mensal,Ativa,
13031,"Import of goods, Goiás","Import of goods, Goiás.",2024-09-15 16:42:59,US$ (thousand),428.0,1989-01-01,2024-08-01,45.0,13.0,723334.0,181440.7593457944,177588.31352902928,30.36448598130841,Mensal,Ativa,
13061,"Trade balance, Goiás","Trade balance, Goiás.",2024-09-15 16:43:02,US$ (thousand),428.0,1989-01-01,2024-08-01,45.0,-196227.0,1099169.0,148261.6261682243,222831.14251124536,30.36448598130841,Mensal,Ativa,
13062,"Exports of goods, Mato Grosso","Exports of goods, Mato Grosso.",2024-09-15 16:43:03,US$ (thousand),428.0,1989-01-01,2024-08-01,45.0,1817.0,3869034.0,717993.9836448599,815719.1279656767,30.36448598130841,Mensal,Ativa,
13063,"Import of goods, Mato Grosso","Import of goods, Mato Grosso.",2024-09-15 16:43:03,US$ (thousand),428.0,1989-01-01,2024-08-01,45.0,269.0,821683.0,84887.40887850468,109241.03301858812,30.36448598130841,Mensal,Ativa,
13064,"Trade balance, Mato Grosso","Trade balance, Mato Grosso.",2024-09-15 16:43:04,US$ (thousand),428.0,1989-01-01,2024-08-01,45.0,-11176.0,3595158.0,633106.5887850467,727879.9071000199,30.36448598130841,Mensal,Ativa,
13065,"Exports of goods, Mato Grosso do Sul","Exports of goods, Mato Grosso do Sul.",2024-09-15 16:43:05,US$ (thousand),428.0,1989-01-01,2024-08-01,45.0,613.0,1208025.0,225755.07943925232,254056.919709832,30.36448598130841,Mensal,Ativa,
13066,"National Consumer Price Index, monthly variation, Curitiba","National Consumer Price Index, monthly variation, Curitiba.",2024-09-15 16:43:06,%,422.0,1989-07-01,2024-08-01,45.0,-1.62,84.34,4.490521327014219,11.253758293880038,30.36729857819905,Mensal,Ativa,
13067,"Import of goods, Mato Grosso do Sul","Import of goods, Mato Grosso do Sul.",2024-09-15 16:43:07,US$ (thousand),428.0,1989-01-01,2024-08-01,45.0,0.0,626596.0,150315.3831775701,150131.8884315748,30.36448598130841,Mensal,Ativa,
13068,"Trade balance, Mato Grosso do Sul","Trade balance, Mato Grosso do Sul.",2024-09-15 16:43:08,US$ (thousand),428.0,1989-01-01,2024-08-01,45.0,-538644.0,931503.0,75439.7336448598,195101.468608176,30.36448598130841,Mensal,Ativa,
13069,"Exports of goods, Distrito Federal","Exports of goods, Distrito Federal.",2024-09-15 16:43:09,US$ (thousand),428.0,1989-01-01,2024-08-01,45.0,0.0,60249.0,10113.918224299065,11007.758531291773,30.36448598130841,Mensal,Ativa,
13070,"Broad National Consumer Price Index, monthly variation, Curitiba","Broad National Consumer Price Index, monthly variation, Curitiba.",2024-09-15 16:43:11,%,422.0,1989-07-01,2024-08-01,45.0,-1.41,86.0,4.477725118483412,11.224098757244796,30.36729857819905,Mensal,Ativa,
13071,"Import of goods, Distrito Federal","Import of goods, Distrito Federal.",2024-09-15 16:43:11,US$ (thousand),428.0,1989-01-01,2024-08-01,45.0,831.0,616931.0,77501.01869158879,78376.29983676631,30.36448598130841,Mensal,Ativa,
13072,"Trade balance, Distrito Federal","Trade balance, Distrito Federal.",2024-09-15 16:43:12,US$ (thousand),428.0,1989-01-01,2024-08-01,45.0,-590441.0,3158.0,-67387.07710280374,72588.39789908649,30.36448598130841,Mensal,Ativa,
13073,"Exports of goods, Paraná","Exports of goods, Paraná.",2024-09-15 16:43:13,US$ (thousand),428.0,1989-01-01,2024-08-01,45.0,75742.0,2591119.0,909426.3411214954,606578.8331514678,30.36448598130841,Mensal,Ativa,
13074,"Imports of goods, Paraná","Imports of goods, Paraná.",2024-09-15 16:43:14,US$ (thousand),428.0,1989-01-01,2024-08-01,45.0,31569.0,2253768.0,751900.3060747663,583392.847522242,30.36448598130841,Mensal,Ativa,
13075,"Trade balance, Paraná","Trade balance, Paraná.",2024-09-15 16:43:15,US$ (thousand),428.0,1989-01-01,2024-08-01,45.0,-655641.0,1024293.0,157526.04439252336,247046.0268284042,30.36448598130841,Mensal,Ativa,
13076,"Broad National Consumer Price Index, monthly variation, Belém metropolitan area","Broad National Consumer Price Index, monthly variation, Belém metropolitan area.",2024-09-15 16:43:16,%,416.0,1990-01-01,2024-08-01,45.0,-1.29,85.43,4.023245192307693,10.611666291942235,30.36298076923077,Mensal,Ativa,
13077,"National Consumer Price Index, monthly variation, Belém metropolitan area","National Consumer Price Index, monthly variation, Belém metropolitan area.",2024-09-15 16:43:17,%,416.0,1990-01-01,2024-08-01,45.0,-1.26,85.23,4.023677884615385,10.639546175759197,30.36298076923077,Mensal,Ativa,
13078,"Exports of goods, Rio Grande do Sul","Exports of goods, Rio Grande do Sul.",2024-09-15 16:43:17,US$ (thousand),428.0,1989-01-01,2024-08-01,45.0,101349.0,2463417.0,1003300.4158878505,577649.110842867,30.36448598130841,Mensal,Ativa,
13079,"Imports of goods, Rio Grande do Sul","Imports of goods, Rio Grande do Sul.",2024-09-15 16:43:18,US$ (thousand),428.0,1989-01-01,2024-08-01,45.0,53800.0,2083234.0,607490.2920560747,420969.3866209067,30.36448598130841,Mensal,Ativa,
13080,"Trade balance, Rio Grande do Sul","Trade balance, Rio Grande do Sul.",2024-09-15 16:43:26,US$ (thousand),428.0,1989-01-01,2024-08-01,45.0,-987738.0,1346039.0,395810.10046728974,290766.5931441126,30.36448598130841,Mensal,Ativa,
13081,"Exports of goods, Santa Catarina","Exports of goods, Santa Catarina.",2024-09-15 16:43:27,US$ (thousand),428.0,1989-01-01,2024-08-01,45.0,67084.0,1214013.0,489741.0420560748,281153.76785509684,30.36448598130841,Mensal,Ativa,
13082,"Imports of goods, Santa Catarina","Imports of goods, Santa Catarina.",2024-09-15 16:43:28,US$ (thousand),428.0,1989-01-01,2024-08-01,45.0,4425.0,3077713.0,701013.1144859813,759411.15636716,30.36448598130841,Mensal,Ativa,
13083,"Trade balance, Santa Catarina","Trade balance, Santa Catarina.",2024-09-15 16:43:29,US$ (thousand),428.0,1989-01-01,2024-08-01,45.0,-2134834.0,339022.0,-211272.093457944,523348.0473970009,30.36448598130841,Mensal,Ativa,
13093,"Exports of goods, Ceará","Exports of goods, Ceará.",2024-09-15 16:43:33,US$ (thousand),428.0,1989-01-01,2024-08-01,45.0,1976.0,441362.0,88700.66355140187,67171.27851279477,30.36448598130841,Mensal,Ativa,
13094,"Imports of goods, Ceará","Imports of goods, Ceará.",2024-09-15 16:43:34,US$ (thousand),428.0,1989-01-01,2024-08-01,45.0,1676.0,1454058.0,133907.67990654206,131734.69056252635,30.36448598130841,Mensal,Ativa,
13137,"Exports of goods, Bahia","Exports of goods, Bahia.",2024-09-15 16:43:52,US$ (thousand),428.0,1989-01-01,2024-08-01,45.0,51425.0,1564488.0,483874.2289719626,327908.9811616368,30.36448598130841,Mensal,Ativa,
13138,"Imports of goods, Bahia","Imports of goods, Bahia.",2024-09-15 18:13:04,US$ (thousand),428.0,1989-01-01 00:00:00,2024-08-01 00:00:00,45.0,2126.0,1563240.0,383739.5630841121,291840.8043700561,30.36448598130841,Mensal,Ativa,
13139,"Trade balance, Bahia","Trade balance, Bahia.",2024-09-15 16:44:00,US$ (thousand),428.0,1989-01-01,2024-08-01,45.0,-616816.0,711724.0,100134.68457943926,154363.74363542703,30.36448598130841,Mensal,Ativa,
13144,"Exports of goods, Acre","Exports of goods, Acre.",2024-09-15 18:13:07,US$ (thousand),416.0,1990-01-01 00:00:00,2024-08-01 00:00:00,45.0,0.0,15264.0,1362.4471153846157,1764.230827203263,30.36298076923077,Mensal,Ativa,
13145,"Exports of goods, Amapá","Exports of goods, Amapá.",2024-09-15 16:44:19,US$ (thousand),416.0,1990-01-01,2024-08-01,45.0,0.0,89782.0,14762.30528846154,14437.495409917665,30.36298076923077,Mensal,Ativa,
13146,"Exports of goods, Amazonas","Exports of goods, Amazonas.",2024-09-15 16:44:20,US$ (thousand),416.0,1990-01-01,2024-08-01,45.0,5444.0,227626.0,63551.48317307692,40547.9800430998,30.36298076923077,Mensal,Ativa,
13147,"Exports of goods, Pará","Exports of goods, Pará.",2024-09-15 16:44:21,US$ (thousand),428.0,1989-01-01,2024-08-01,45.0,40045.0,3535710.0,761963.7920560747,677205.9558748722,30.36448598130841,Mensal,Ativa,
13148,"Exports of goods, Rondônia","Exports of goods, Rondônia.",2024-09-15 16:44:22,US$ (thousand),416.0,1990-01-01,2024-08-01,45.0,270.0,398362.0,52707.90625,69151.59006741227,30.36298076923077,Mensal,Ativa,
13149,"Exports of goods, Roraima","Exports of goods, Roraima.",2024-09-15 16:44:27,US$ (thousand),416.0,1990-01-01,2024-08-01,45.0,0.0,82645.0,4595.629807692308,10615.020427993712,30.36298076923077,Mensal,Ativa,
13150,"Exports of goods, Tocantins","Exports of goods, Tocantins.",2024-09-15 16:44:29,US$ (thousand),344.0,1996-01-01,2024-08-01,45.0,0.0,465963.0,58929.348837209305,86643.8725179015,30.348837209302324,Mensal,Ativa,
13151,"Imports of goods, Acre","Imports of goods, Acre.",2024-09-15 16:44:30,US$ (thousand),416.0,1990-01-01,2024-08-01,45.0,0.0,22951.0,289.1442307692308,1201.4094366905254,30.36298076923077,Mensal,Ativa,
13152,"Imports of goods, Amapá","Imports of goods, Amapá.",2024-09-15 16:44:31,US$ (thousand),416.0,1990-01-01,2024-08-01,45.0,0.0,187773.0,10469.46875,25382.99145564949,30.36298076923077,Mensal,Ativa,
13153,"Imports of goods, Amazonas","Imports of goods, Amazonas.",2024-09-15 16:44:31,US$ (thousand),416.0,1990-01-01,2024-08-01,45.0,61223.0,1639079.0,598132.4735576923,387820.10177753377,30.36298076923077,Mensal,Ativa,
13154,"Imports of goods, Pará","Imports of goods, Pará.",2024-09-15 16:44:32,US$ (thousand),428.0,1989-01-01,2024-08-01,45.0,945.0,307847.0,64555.89018691589,53585.275435544194,30.36448598130841,Mensal,Ativa,
13155,"Imports of goods, Rondônia","Imports of goods, Rondônia.",2024-09-15 16:44:33,US$ (thousand),416.0,1990-01-01,2024-08-01,45.0,0.0,236328.0,26503.08653846154,32203.052537451207,30.36298076923077,Mensal,Ativa,
13156,"Imports of goods, Roraima","Imports of goods, Roraima.",2024-09-15 16:44:34,US$ (thousand),416.0,1990-01-01,2024-08-01,45.0,0.0,40520.0,840.4759615384615,2407.689594811368,30.36298076923077,Mensal,Ativa,
13157,"Imports of goods, Tocantins","Imports of goods, Tocantins.",2024-09-15 16:44:35,US$ (thousand),308.0,1999-01-01,2024-08-01,45.0,101.0,98595.0,14425.02922077922,18336.334935554874,30.337662337662337,Mensal,Ativa,
13166,"Trade balance, Ceará","Trade balance, Ceará.",2024-09-15 16:44:36,US$ (thousand),428.0,1989-01-01,2024-08-01,45.0,-1375772.0,204806.0,-45207.10280373832,104345.6214609364,30.36448598130841,Mensal,Ativa,
13167,"Exports of goods, Piauí","Exports of goods, Piauí.",2024-09-15 16:44:37,US$ (thousand),428.0,1989-01-01,2024-08-01,45.0,1301.0,208472.0,23923.79906542056,40800.70836359634,30.36448598130841,Mensal,Ativa,
13168,"Imports of goods, Piauí","Imports of goods, Piauí.",2024-09-15 16:44:38,US$ (thousand),428.0,1989-01-01,2024-08-01,45.0,0.0,148529.0,9874.609813084113,16006.73607441763,30.36448598130841,Mensal,Ativa,
13169,"Trade balance, Piauí","Trade balance, Piauí.",2024-09-15 16:44:39,US$ (thousand),428.0,1989-01-01,2024-08-01,45.0,-97182.0,196830.0,14049.179906542056,35110.763891335824,30.36448598130841,Mensal,Ativa,
13244,"Exports of goods, Maranhão","Exports of goods, Maranhão.",2024-09-15 16:44:52,US$ (thousand),428.0,1989-01-01,2024-08-01,45.0,2933.0,717626.0,169439.19158878503,141808.8626770784,30.36448598130841,Mensal,Ativa,
13245,"Imports of goods, Maranhão","Imports of goods, Maranhão.",2024-09-15 16:44:52,US$ (thousand),428.0,1989-01-01,2024-08-01,45.0,0.0,1259271.0,197574.8995327103,219008.6086999232,30.36448598130841,Mensal,Ativa,
13247,"Trade balance, Maranhão","Trade balance, Maranhão.",2024-09-15 16:44:53,US$ (thousand),428.0,1989-01-01,2024-08-01,45.0,-1126898.0,376870.0,-28135.717289719625,163083.96526357473,30.36448598130841,Mensal,Ativa,
13248,"Broad National Consumer Price Index, monthly variation, Brasília","Broad National Consumer Price Index, monthly variation, Brasília.",2024-09-15 16:44:54,%,422.0,1989-07-01,2024-08-01,45.0,-0.98,87.96,4.520829383886256,11.37904658619192,30.36729857819905,Mensal,Ativa,
13250,"National Consumer Price Index, monthly variation, Brasília","National Consumer Price Index, monthly variation, Brasília.",2024-09-15 16:44:56,%,422.0,1989-07-01,2024-08-01,45.0,-1.18,83.7,4.495734597156398,11.350680614359828,30.36729857819905,Mensal,Ativa,
13255,"Broad National Consumer Price Index, monthly variation, Goiânia","Broad National Consumer Price Index, monthly variation, Goiânia.",2024-09-15 16:44:57,%,404.0,1991-01-01,2024-08-01,45.0,-2.12,46.04,3.2265841584158417,8.492764791971949,30.361386138613863,Mensal,Ativa,
13258,"National Consumer Price Index, monthly variation, Goiânia","National Consumer Price Index, monthly variation, Goiânia.",2024-09-15 16:44:57,%,404.0,1991-01-01,2024-08-01,45.0,-1.81,48.22,3.2491584158415843,8.512757892284881,30.361386138613863,Mensal,Ativa,
13341,"Exports of goods, Pernambuco","Exports of goods, Pernambuco.",2024-09-15 16:45:10,US$ (thousand),428.0,1989-01-01,2024-08-01,45.0,7924.0,508714.0,76918.64719626168,63873.15480511466,30.36448598130841,Mensal,Ativa,
13342,"Exports of goods, Paraíba","Exports of goods, Paraíba.",2024-09-15 16:45:11,US$ (thousand),428.0,1989-01-01,2024-08-01,45.0,1196.0,37333.0,11502.591121495328,6462.68555112045,30.36448598130841,Mensal,Ativa,
13343,"Exports of goods, Alagoas","Exports of goods, Alagoas.",2024-09-15 16:45:12,US$ (thousand),428.0,1989-01-01,2024-08-01,45.0,415.0,254206.0,43496.07943925234,42941.84822776212,30.36448598130841,Mensal,Ativa,
13344,"Exports of goods, Rio Grande do Norte","Exports of goods, Rio Grande do Norte.",2024-09-15 16:45:13,US$ (thousand),428.0,1989-01-01,2024-08-01,45.0,2855.0,162695.0,23599.05841121495,20923.119280367056,30.36448598130841,Mensal,Ativa,
13345,"Exports of goods, Sergipe","Exports of goods, Sergipe.",2024-09-15 16:45:14,US$ (thousand),428.0,1989-01-01,2024-08-01,45.0,331.0,59508.0,6591.27570093458,7952.235567941033,30.36448598130841,Mensal,Ativa,
13346,"Imports of goods, Pernambuco","Imports of goods, Pernambuco.",2024-09-15 16:45:15,US$ (thousand),428.0,1989-01-01,2024-08-01,45.0,5974.0,1026350.0,250652.4626168224,240590.38846965088,30.36448598130841,Mensal,Ativa,
13347,"Imports of goods, Paraíba","Imports of goods, Paraíba.",2024-09-15 16:45:16,US$ (thousand),428.0,1989-01-01,2024-08-01,45.0,92.0,210567.0,30766.0023364486,30749.336239556404,30.36448598130841,Mensal,Ativa,
13348,"Imports of goods, Alagoas","Imports of goods, Alagoas.",2024-09-15 16:45:16,US$ (thousand),428.0,1989-01-01,2024-08-01,45.0,228.0,108776.0,25631.48831775701,23747.09179487351,30.36448598130841,Mensal,Ativa,
13349,"Imports of goods, Rio Grande do Norte","Imports of goods, Rio Grande do Norte.",2024-09-15 16:45:17,US$ (thousand),428.0,1989-01-01,2024-08-01,45.0,0.0,132377.0,14575.023364485982,15421.697946089997,30.36448598130841,Mensal,Ativa,
13350,"Imports of goods, Sergipe","Imports of goods, Sergipe.",2024-09-15 16:45:19,US$ (thousand),428.0,1989-01-01,2024-08-01,45.0,0.0,267225.0,13255.18691588785,20255.55965689817,30.36448598130841,Mensal,Ativa,
13351,"Trade balance, Pernambuco","Trade balance, Pernambuco.",2024-09-15 16:45:20,US$ (thousand),428.0,1989-01-01,2024-08-01,45.0,-884190.0,67081.0,-173733.7663551402,201577.01606140923,30.36448598130841,Mensal,Ativa,
13352,"Trade balance, Paraíba","Trade balance, Paraíba.",2024-09-15 16:45:21,US$ (thousand),428.0,1989-01-01,2024-08-01,45.0,-194730.0,17868.0,-19263.3761682243,29474.342038387746,30.36448598130841,Mensal,Ativa,
13353,"Trade balance, Alagoas","Trade balance, Alagoas.",2024-09-15 16:45:22,US$ (thousand),428.0,1989-01-01,2024-08-01,45.0,-70507.0,222635.0,17864.61214953271,43619.50928872614,30.36448598130841,Mensal,Ativa,
13354,"Trade balance, Rio Grande do Norte","Trade balance, Rio Grande do Norte.",2024-09-15 16:45:23,US$ (thousand),428.0,1989-01-01,2024-08-01,45.0,-114561.0,121798.0,9024.04906542056,18826.43351200992,30.36448598130841,Mensal,Ativa,
13356,"Trade balance, Sergipe","Trade balance, Sergipe.",2024-09-15 16:45:24,US$ (thousand),428.0,1989-01-01,2024-08-01,45.0,-262758.0,37017.0,-6663.897196261682,20236.47448048308,30.36448598130841,Mensal,Ativa,
13381,"Broad National Consumer Price Index, monthly variation, Rio de Janeiro","Broad National Consumer Price Index, monthly variation, Rio de Janeiro.",2024-09-15 16:45:31,%,422.0,1989-07-01,2024-08-01,45.0,-0.67,83.77,4.53090047393365,11.232731001098538,30.36729857819905,Mensal,Ativa,
13382,"National Consumer Price Index, monthly variation, Rio de Janeiro","National Consumer Price Index, monthly variation, Rio de Janeiro.",2024-09-15 16:45:31,%,422.0,1989-07-01,2024-08-01,45.0,-0.61,84.4,4.528744075829384,11.270041450052044,30.36729857819905,Mensal,Ativa,
13383,"Export of goods, Rio de Janeiro","Export of goods, Rio de Janeiro.",2024-09-15 16:45:33,US$ (thousand),428.0,1989-01-01,2024-08-01,45.0,61592.0,5790373.0,1163877.5210280374,1174526.5094278862,30.36448598130841,Mensal,Ativa,
13384,"Imports of goods, Rio de Janeiro","Imports of goods, Rio de Janeiro.",2024-09-15 16:45:33,US$ (thousand),428.0,1989-01-01,2024-08-01,45.0,201014.0,3895013.0,1025192.6261682244,703038.1979986575,30.36448598130841,Mensal,Ativa,
13385,"Trade balance, Rio de Janeiro","Trade balance, Rio de Janeiro.",2024-09-15 16:45:34,US$ (thousand),428.0,1989-01-01,2024-08-01,45.0,-1949130.0,3698027.0,138684.8948598131,697935.7879789006,30.36448598130841,Mensal,Ativa,
13386,"Export of goods, Espírito Santo","Export of goods, Espírito Santo.",2024-09-15 16:45:35,US$ (thousand),428.0,1989-01-01,2024-08-01,45.0,14323.0,1539846.0,496029.86682242993,329137.0547331544,30.36448598130841,Mensal,Ativa,
13387,"Imports of goods, Espírito Santo","Imports of goods, Espírito Santo.",2024-09-15 16:45:36,US$ (thousand),428.0,1989-01-01,2024-08-01,45.0,32379.0,2208577.0,394772.773364486,268152.1478704644,30.36448598130841,Mensal,Ativa,
13388,"Trade balance, Espírito Santo","Trade balance, Espírito Santo.",2024-09-15 16:45:37,US$ (thousand),428.0,1989-01-01,2024-08-01,45.0,-1393247.0,659603.0,101257.1261682243,191249.98032458112,30.36448598130841,Mensal,Ativa,
13521,Target inflation rate,Target inflation rate.,2024-09-15 16:45:57,%,27.0,1999-01-01,2025-01-01,-108.0,3.0,8.0,4.398148148148148,0.9738387050029504,351.7407407407408,Indeterminado,Ativa,
13522,"National consumer price index (IPCA), in 12 months","National consumer price index (IPCA), in 12 months.",2024-09-15 16:45:58,%,525.0,1980-12-01,2024-08-01,45.0,1.65,6821.31,304.36262857142856,857.4148641062887,30.37904761904762,Mensal,Ativa,
13561,"Exports of goods, South","Exports of goods, South.",2024-09-15 16:46:02,US$ (thousand),428.0,1989-01-01,2024-08-01,45.0,319514.0,5946649.0,2402445.904205608,1439711.622900633,30.36448598130841,Mensal,Ativa,
13562,"Imports of goods, South","Imports of goods, South.",2024-09-15 16:46:03,US$ (thousand),428.0,1989-01-01,2024-08-01,45.0,127107.0,6528176.0,2059877.1191588785,1694915.4980558355,30.36448598130841,Mensal,Ativa,
13563,"Trade balance, South","Trade balance, South.",2024-09-15 16:46:04,US$ (thousand),428.0,1989-01-01,2024-08-01,45.0,-1656958.0,2030057.0,342773.8481308411,621355.4247603972,30.36448598130841,Mensal,Ativa,
13565,"Broad National Consumer Price Index, monthly variation, South","Broad National Consumer Price Index, monthly variation, South.",2024-09-15 16:46:06,%,422.0,1989-07-01,2024-08-01,45.0,-0.99,88.32,4.488388625592418,11.299334845185502,30.36729857819905,Mensal,Ativa,
13567,"National Consumer Price Index, monthly variation, South","National Consumer Price Index, monthly variation, South.",2024-09-15 16:46:07,%,422.0,1989-07-01,2024-08-01,45.0,-1.17,88.45,4.490118483412322,11.311885210556516,30.36729857819905,Mensal,Ativa,
13575,"Exports of Goods, Southeast","Exports of Goods, Southeast.",2024-09-15 16:46:10,US$ (thousand),428.0,1989-01-01,2024-08-01,45.0,1255395.0,16642873.0,6247643.878504673,4056065.246101536,30.36448598130841,Mensal,Ativa,
13576,"Imports of Goods, Southeast","Imports of Goods, Southeast.",2024-09-15 16:46:11,US$ (thousand),428.0,1989-01-01,2024-08-01,45.0,735086.0,13555799.0,5645786.904205607,3452236.549544634,30.36448598130841,Mensal,Ativa,
13577,"Trade balance, Southeast","Trade balance, Southeast.",2024-09-15 16:46:14,US$ (thousand),428.0,1989-01-01,2024-08-01,45.0,-3656309.0,5672436.0,601857.0093457944,1351994.1022782912,30.36448598130841,Mensal,Ativa,
13581,"Exports of goods, Centro-Oeste","Exports of goods, Centro-Oeste.",2024-09-15 16:46:17,US$ (thousand),428.0,1989-01-01,2024-08-01,45.0,11515.0,6431869.0,1283565.3551401868,1421416.8355952129,30.36448598130841,Mensal,Ativa,
13582,"Import of goods, Centro-Oeste","Import of goods, Centro-Oeste.",2024-09-15 16:46:18,US$ (thousand),428.0,1989-01-01,2024-08-01,45.0,2601.0,1910571.0,494144.5023364486,459594.0557265946,30.36448598130841,Mensal,Ativa,
13583,"Trade balance, Centro-Oeste","Trade balance, Centro-Oeste.",2024-09-15 16:46:19,US$ (thousand),428.0,1989-01-01,2024-08-01,45.0,-144754.0,5267345.0,789420.8294392524,1064907.7667017004,30.36448598130841,Mensal,Ativa,
13585,"Broad National Consumer Price Index, monthly variation, Southeast","Broad National Consumer Price Index, monthly variation, Southeast.",2024-09-15 16:46:20,%,422.0,1989-07-01,2024-08-01,45.0,-0.53,80.14,4.504052132701422,11.241317195164957,30.36729857819905,Mensal,Ativa,
13586,"National Consumer Price Index, monthly variation, Southeast","National Consumer Price Index, monthly variation, Southeast.",2024-09-15 16:46:21,%,422.0,1989-07-01,2024-08-01,45.0,-0.46,80.35,4.518151658767772,11.23701621395208,30.36729857819905,Mensal,Ativa,
13621,"International reserves, Total, daily","International reserves, Total, daily.",2024-09-15 16:46:31,US$ (million),6538.0,1998-09-01,2024-09-12,3.0,27516.0,390510.0,235979.2132150505,143495.48231704073,1.4542673600489446,Diária,Ativa,
13801,"Standard volatility of the short term, family I, PJUR[1], Carta-Circular 3,498/11","Standard volatility of the short term, family I, PJUR[1], Carta-Circular 3,498/11.",2024-09-15 16:47:54,No unit,4074.0,2008-07-01,2024-09-13,2.0,8.1e-05,0.002435,0.000443412371134,0.0002858245901699,1.452626411389298,Diária,Ativa,
13802,"Standard volatility of the medium term, family II, PJUR[1], Carta-Circular 3,498/11","Standard volatility of the medium term, family II, PJUR[1], Carta-Circular 3,498/11.",2024-09-15 16:47:59,No unit,4074.0,2008-07-01,2024-09-13,2.0,0.000272,0.007159,0.0010548097692685,0.0006632589290508,1.452626411389298,Diária,Ativa,
13803,"Standard volatility of the long term, family III, PJUR[1], Carta-Circular 3,498/11","Standard volatility of the long term, family III, PJUR[1], Carta-Circular 3,498/11.",2024-09-15 16:48:04,No unit,4074.0,2008-07-01,2024-09-13,2.0,0.000356,0.008108,0.0012218124693176,0.0007358454361807,1.452626411389298,Diária,Ativa,
13804,"Multiplier for day “t”, RWA_JUR[1], Carta-Circular 3498/2011","Multiplier for day “t”, RWA_JUR[1], Carta-Circular 3498/2011.",2024-09-15 16:48:09,No unit,4074.0,2008-07-01,2024-09-13,2.0,1.0,5.0,2.309420716740304,1.1148810222668737,1.452626411389298,Diária,Ativa,
13805,"Base-parameter for calculating RHOi,j, RWA_JUR[1], Carta-Circular 3498/11","Base-parameter for calculating RHOi,j, RWA_JUR[1], Carta-Circular 3498/11.",2024-09-15 16:48:14,No unit,4074.0,2008-07-01,2024-09-13,2.0,0.16,0.57,0.2329037800687285,0.0625153028784278,1.452626411389298,Diária,Ativa,
13806,"Correlation decay factor k, RWA_JUR[1], Carta-Circular 3,498/11","Correlation decay factor k, RWA_JUR[1], Carta-Circular 3,498/11.",2024-09-15 16:48:20,No unit,4074.0,2008-07-01,2024-09-13,2.0,0.28,0.9,0.7174251350024545,0.159774953493511,1.452626411389298,Diária,Ativa,
13807,"Multiplier for RWA_JUR[2], Circular 3635/13","Multiplier for RWA_JUR[2], Circular 3635/13.",2024-09-15 16:48:25,No unit,4074.0,2008-07-01,2024-09-13,2.0,2.12,3.7,3.289771723122239,0.554724831355681,1.452626411389298,Diária,Ativa,
13808,"Multiplier for RWA_JUR[3], Circular 3636/13","Multiplier for RWA_JUR[3], Circular 3636/13.",2024-09-15 16:48:30,No unit,4074.0,2008-07-01,2024-09-13,2.0,1.93,3.22,2.822523318605793,0.2541545104249433,1.452626411389298,Diária,Ativa,
13809,"Multiplier for RWA_JUR[4], Circular 3637/13","Multiplier for RWA_JUR[4], Circular 3637/13.",2024-09-15 16:48:34,No unit,4074.0,2008-07-01,2024-09-13,2.0,1.44,2.5,2.097017673048601,0.296160662335391,1.452626411389298,Diária,Ativa,
13921,"Broad National Consumer Price Index, monthly variation, Northeast","Broad National Consumer Price Index, monthly variation, Northeast.",2024-09-15 16:48:58,%,422.0,1989-07-01,2024-08-01,45.0,-0.78,81.46,4.489501187648456,11.31356932807105,30.36729857819905,Mensal,Ativa,
13922,"National Consumer Price Index, monthly variation, Northeast","National Consumer Price Index, monthly variation, Northeast.",2024-09-15 16:48:59,%,422.0,1989-07-01,2024-08-01,45.0,-0.71,81.1,4.482114014251781,11.26430375530293,30.36729857819905,Mensal,Ativa,
13943,"Exports of goods, Nordeste","Exports of goods, Nordeste.",2024-09-15 16:49:03,US$ (thousand),428.0,1989-01-01,2024-08-01,45.0,124268.0,3129839.0,928162.9042056076,625156.5669667415,30.36448598130841,Mensal,Ativa,
13944,"Imports of goods, Nordeste","Imports of goods, Nordeste.",2024-09-15 16:49:04,US$ (thousand),428.0,1989-01-01,2024-08-01,45.0,45323.0,3529959.0,1059976.3948598132,877727.0801404946,30.36448598130841,Mensal,Ativa,
13945,"Trade balance, Nordeste","Trade balance, Nordeste.",2024-09-15 16:49:05,US$ (thousand),428.0,1989-01-01,2024-08-01,45.0,-1992880.0,738604.0,-131813.57943925232,412536.0198427595,30.36448598130841,Mensal,Ativa,
13951,"Broad National Consumer Price Index, monthly variation, Central-Western","Broad National Consumer Price Index, monthly variation, Central-Western.",2024-09-15 16:49:10,%,404.0,1991-01-01,2024-08-01,45.0,-1.46,45.68,3.2312128712871293,8.466946022745862,30.361386138613863,Mensal,Ativa,
13952,"National Consumer Price Index, monthly variation, Central-Western","National Consumer Price Index, monthly variation, Central-Western.",2024-09-15 16:49:10,%,404.0,1991-01-01,2024-08-01,45.0,-1.49,47.93,3.242970297029703,8.510124758986064,30.361386138613863,Mensal,Ativa,
13961,"Foreign exchange orders, balance","Foreign exchange orders, balance.",2024-09-15 16:49:12,US$ (million),4017.0,2008-09-01,2024-09-06,9.0,-4198.40732548,7357.82,13.143776377186954,775.6432902561716,1.4560617376151357,Diária,Ativa,
13962,"Orders with clients in the commercial sector, exports, total","Orders with clients in the commercial sector, exports, total.",2024-09-15 16:49:17,US$ (million),4017.0,2008-09-01,2024-09-06,9.0,0.0,6639.9690494,862.8272192779636,440.68327838719335,1.4560617376151357,Diária,Ativa,
13963,"Orders with clients in the commercial sector, exports, advances on export contracts, daily","Orders with clients in the commercial sector, exports, advances on export contracts, daily.",2024-09-15 16:49:21,US$ (million),4017.0,2008-09-01,2024-09-06,9.0,0.0,932.237484,140.08682044788398,79.67330042044455,1.4560617376151357,Diária,Ativa,
13964,"Operations with clients in the commercial sector, exports, payment in advance, daily","Operations with clients in the commercial sector, exports, payment in advance, daily.",2024-09-15 16:49:26,US$ (million),4017.0,2008-09-01,2024-09-06,9.0,0.0,6134.97980039,221.08626181142645,263.0648669088672,1.4560617376151357,Diária,Ativa,
13965,"Operations with clients in the commercial sector, exports, others, daily","Operations with clients in the commercial sector, exports, others, daily.",2024-09-15 16:49:31,US$ (million),4017.0,2008-09-01,2024-09-06,9.0,-0.03,2798.40205839,501.6541370186532,267.5689685487068,1.4560617376151357,Diária,Ativa,
13966,"Operations with clients in the commercial sector, imports","Operations with clients in the commercial sector, imports.",2024-09-15 16:49:36,US$ (million),4017.0,2008-09-01,2024-09-06,9.0,-0.00055,3458.6471421,744.4954292709983,300.42518823039177,1.4560617376151357,Diária,Ativa,
13967,"Operations with clients in the commercial sector, balance","Operations with clients in the commercial sector, balance.",2024-09-15 16:49:41,US$ (million),4017.0,2008-09-01,2024-09-06,9.0,-2252.47,6062.83866285,118.3317900069654,430.3797124321375,1.4560617376151357,Diária,Ativa,
13968,"Operations with clients in the financial sector, purchases","Operations with clients in the financial sector, purchases.",2024-09-15 16:49:45,US$ (million),4017.0,2008-09-01,2024-09-06,9.0,0.0,13745.83807736,1925.5074667654044,926.1365891476617,1.4560617376151357,Diária,Ativa,
13969,"Operations with clients in the financial sector, sales","Operations with clients in the financial sector, sales.",2024-09-15 16:49:51,US$ (million),4017.0,2008-09-01,2024-09-06,9.0,0.0,13770.04218443,2030.6954803951828,1005.1604802427008,1.4560617376151357,Diária,Ativa,
13970,"Operations with clients in the financial sector, balance","Operations with clients in the financial sector, balance.",2024-09-15 16:49:57,US$ (million),4017.0,2008-09-01,2024-09-06,9.0,-7462.89259758,6670.53,-105.18801362977844,723.4340171924862,1.4560617376151357,Diária,Ativa,
13982,"International reserves, Liquidity concept, Total, daily","International reserves, Liquidity concept, Total, daily.",2024-09-15 16:50:03,US$ (million),4196.0,2008-01-02,2024-09-12,3.0,181378.0,401630.0,340585.5021448999,58070.85612999275,1.4532888465204956,Diária,Ativa,
14001,SML rate (Brazilian real / Argentinean peso),SML rate (Brazilian real / Argentinean peso).,2024-09-15 16:50:21,Ratio,3795.0,2008-10-03,2024-09-13,2.0,0.00575,0.74239,0.243085791831357,0.1808381052912474,1.5346508563899868,Diária,Ativa,
16121,"Broad national consumer price index, EX1 Core IPCA","Broad national consumer price index, EX1 Core IPCA.",2024-09-15 16:57:31,Monthly % var.,404.0,1991-01-01,2024-08-01,45.0,-0.19,46.88,3.242178217821782,8.547523153956075,30.361386138613863,Mensal,Ativa,
16122,"Broad national consumer price index, Double Weighted Core IPCA","Broad national consumer price index, Double Weighted Core IPCA.",2024-09-15 16:57:31,Monthly % var.,356.0,1995-01-01,2024-08-01,45.0,-0.35,2.7,0.5236797752808989,0.373537635015412,30.35112359550562,Mensal,Ativa,
17660,"Sondagem de Serviços, Índice de Confiança de Serviços","Sondagem de Serviços, Índice de Confiança de Serviços.",2024-09-15 17:11:11,Points,195.0,2008-06-01,2024-08-01,45.0,52.1,113.3,92.98,11.847095428968773,30.28205128205128,Mensal,Ativa,
17661,"Sondagem de Serviços, Índice de Situação Atual (ISA-S)","Sondagem de Serviços, Índice de Situação Atual (ISA-S).",2024-09-15 17:11:11,Points,195.0,2008-06-01,2024-08-01,45.0,56.8,117.0,91.6553846153846,12.858360400792526,30.28205128205128,Mensal,Ativa,
17662,"Sondagem de Serviços, Índice de Expectativas (IE-S)","Sondagem de Serviços, Índice de Expectativas (IE-S).",2024-09-15 17:11:12,Points,195.0,2008-06-01,2024-08-01,45.0,49.7,115.5,94.68307692307692,11.457751653704571,30.28205128205128,Mensal,Ativa,
17843,"Banco Central spot net interventions, settled contracts, daily","Banco Central spot net interventions, settled contracts, daily.",2024-09-15 17:12:06,US$ (million),7564.0,1999-01-01,2024-09-06,9.0,-3465.0,4640.0,23.652996428098955,182.6389341312584,1.2400846113167636,Diária,Ativa,
19899,"Standard volatility of the short term to calculate sVaRi,t, family I, PJUR[1], Circular 3,498/10","Standard volatility of the short term to calculate sVaRi,t, family I, PJUR[1], Circular 3,498/10.",2024-09-15 17:18:24,No unit,3250.0,2011-10-06,2024-09-13,2.0,0.001132,0.001132,0.0011319999999999,2.1687380226439807e-19,1.454153846153846,Diária,Ativa,
19900,"Standard volatility of the medium term to calculate sVaRi,t, family II, PJUR[1], Circular 3,498/10","Standard volatility of the medium term to calculate sVaRi,t, family II, PJUR[1], Circular 3,498/10.",2024-09-15 17:18:29,No unit,3250.0,2011-10-06,2024-09-13,2.0,0.003497,0.003497,0.0034969999999999,4.337476045287961e-19,1.454153846153846,Diária,Ativa,
19901,"Standard volatility of the long term to calculate sVaRi,t, family III, PJUR[1], Circular 3,498/10","Standard volatility of the long term to calculate sVaRi,t, family III, PJUR[1], Circular 3,498/10.",2024-09-15 17:18:34,No unit,3250.0,2011-10-06,2024-09-13,2.0,0.003714,0.003714,0.003714,8.674952090575923e-19,1.454153846153846,Diária,Ativa,
19902,"Base parameter correlation RHOi,j used in sVaRtpadrão, PJUR[1], Circular 3,498/10","Base parameter correlation RHOi,j used in sVaRtpadrão, PJUR[1], Circular 3,498/10.",2024-09-15 17:18:39,No unit,3251.0,2011-10-06,2024-09-13,2.0,0.16,0.16,0.1599999999999999,5.551969075153468e-17,1.453706551830206,Diária,Ativa,
19903,"Decay factor k of the correlation to calculate sVaRtpadrão, PJUR[1], Circular 3,498/10","Decay factor k of the correlation to calculate sVaRtpadrão, PJUR[1], Circular 3,498/10.",2024-09-15 17:18:43,No unit,3250.0,2011-10-06,2024-09-13,2.0,0.76,0.76,0.76,0.0,1.454153846153846,Diária,Ativa,
20180,"Imports of Goods, North","Imports of Goods, North.",2024-09-15 17:20:04,US$ (thousand),416.0,1990-01-01,2024-08-01,45.0,169878.0,1933509.0,879765.1915584416,448283.6992770068,30.36298076923077,Mensal,Ativa,
20181,"Trade Balance, North","Trade Balance, North.",2024-09-15 17:20:05,US$ (thousand),416.0,1990-01-01,2024-08-01,45.0,-359186.0,2498695.0,362109.9383116883,466216.9879801145,30.36298076923077,Mensal,Ativa,
20205,"Foreign exchange interbank spot volume, USD, T+2","Foreign exchange interbank spot volume, USD, T+2.",2024-09-15 17:20:13,US$,7581.0,1994-07-04,2024-09-13,2.0,0.0,13097004651.0,1682403426.8198128,920803374.2031628,1.4548212636855296,Diária,Ativa,
20239,"Claims on Nonresidents, Monetary Authority","Claims on Nonresidents, Monetary Authority.",2024-09-15 17:20:51,c.m.u. (million),237.0,2004-12-01,2024-08-01,45.0,125176.0,2215311.0,1036612.17721519,631366.1969520521,30.30801687763713,Mensal,Ativa,
20240,"Liabilities to Nonresidents, Monetary Authority","Liabilities to Nonresidents, Monetary Authority.",2024-09-15 17:20:52,c.m.u. (million),237.0,2004-12-01,2024-08-01,45.0,3574.0,242124.0,57499.63713080169,56678.92988770365,30.30801687763713,Mensal,Ativa,
20241,"Claims on Other Depository Corporations, Monetary authority","Claims on Other Depository Corporations, Monetary authority.",2024-09-15 17:20:53,c.m.u. (million),237.0,2004-12-01,2024-08-01,45.0,0.0,114522.0,45094.73417721519,23343.117148411493,30.30801687763713,Mensal,Ativa,
20242,"Claims on Central Government, Monetary Authority","Claims on Central Government, Monetary Authority.",2024-09-15 17:20:54,c.m.u. (million),237.0,2004-12-01,2024-08-01,45.0,270135.0,2581644.0,1209065.3206751056,693378.1331194048,30.30801687763713,Mensal,Ativa,
20243,"Liabilities to Central Government, Monetary Authority","Liabilities to Central Government, Monetary Authority.",2024-09-15 17:20:54,c.m.u. (million),237.0,2004-12-01,2024-08-01,45.0,154916.0,1873854.0,826619.1012658228,522142.0823068764,30.30801687763713,Mensal,Ativa,
20244,"Claims on Other Financial Corporations, Monetary Authority","Claims on Other Financial Corporations, Monetary Authority.",2024-09-15 17:20:55,c.m.u. (million),237.0,2004-12-01,2024-08-01,45.0,0.0,119.0,1.2447257383966244,8.66852036793922,30.30801687763713,Mensal,Ativa,
20245,"Claims on State and Local Governments, Monetary Authority","Claims on State and Local Governments, Monetary Authority.",2024-09-15 17:20:56,c.m.u. (million),237.0,2004-12-01,2024-08-01,45.0,0.0,1170.0,34.38818565400844,182.4428200058697,30.30801687763713,Mensal,Ativa,
20246,"Liability, Currency in Circulation, Monetary Authority","Liability, Currency in Circulation, Monetary Authority.",2024-09-15 17:20:57,c.m.u. (million),237.0,2004-12-01,2024-08-01,45.0,53034.0,370441.0,194835.3164556962,93550.24613215469,30.30801687763713,Mensal,Ativa,
20247,"Liabilities to Other Depository Corporations, Monetary Authority","Liabilities to Other Depository Corporations, Monetary Authority.",2024-09-15 17:20:58,c.m.u. (million),237.0,2004-12-01,2024-08-01,45.0,89649.0,838131.0,352873.91139240505,178392.15046564987,30.30801687763713,Mensal,Ativa,
20248,"Liabilities to Other Sectors, Monetary Authority","Liabilities to Other Sectors, Monetary Authority.",2024-09-15 17:20:58,c.m.u. (million),237.0,2004-12-01,2024-08-01,45.0,0.0,98567.0,7526.7594936708865,17210.064322860515,30.30801687763713,Mensal,Ativa,
20249,"Other Liabilities to Other Depository Corporations, Monetary Authority","Other Liabilities to Other Depository Corporations, Monetary Authority.",2024-09-15 17:20:59,c.m.u. (million),237.0,2004-12-01,2024-08-01,45.0,40036.0,1616710.0,744289.94092827,432309.9475629077,30.30801687763713,Mensal,Ativa,
20250,"Liability, Deposits and Securities Excluded from Monetary Base, Monetary Authority","Liability, Deposits and Securities Excluded from Monetary Base, Monetary Authority.",2024-09-15 17:21:02,c.m.u. (million),237.0,2004-12-01,2024-08-01,45.0,1424.0,43698.0,12943.244725738396,6210.125431948497,30.30801687763713,Mensal,Ativa,
20251,"Liability- Shares and Other Equity, Monetary Authority","Liability- Shares and Other Equity, Monetary Authority.",2024-09-15 17:21:02,c.m.u. (million),237.0,2004-12-01,2024-08-01,45.0,-81601.0,681064.0,69923.15189873418,141874.22332571002,30.30801687763713,Mensal,Ativa,
20252,"Liability- Other Items (Net), Monetary Authority","Liability- Other Items (Net), Monetary Authority.",2024-09-15 17:21:03,c.m.u. (million),237.0,2004-12-01,2024-08-01,45.0,-6270.0,68000.0,24296.814345991563,17363.171914471397,30.30801687763713,Mensal,Ativa,
20304,"Net Foreign Assets, Monetary Authority","Net Foreign Assets, Monetary Authority.",2024-09-15 17:21:45,c.m.u. (million),237.0,2004-12-01,2024-08-01,45.0,67674.0,2020951.0,979112.5316455696,592265.3898579568,30.30801687763713,Mensal,Ativa,
20305,"Net Claims on Central Government, Monetary Authority","Net Claims on Central Government, Monetary Authority.",2024-09-15 17:21:46,c.m.u. (million),237.0,2004-12-01,2024-08-01,45.0,26459.0,1062286.0,382446.21097046416,230577.5203146186,30.30801687763713,Mensal,Ativa,
20306,"Reserve Money, Monetary Authority","Reserve Money, Monetary Authority.",2024-09-15 17:21:47,c.m.u. (million),237.0,2004-12-01,2024-08-01,45.0,158228.0,1282680.0,555235.94092827,275443.3483396772,30.30801687763713,Mensal,Ativa,
20339,"Sondagem de Serviços, Índice de Confiança de Serviços, Dessazonalizado","Sondagem de Serviços, Índice de Confiança de Serviços, Dessazonalizado.",2024-09-15 17:22:18,Points,195.0,2008-06-01,2024-08-01,45.0,51.4,112.4,92.95076923076924,11.792555616232429,30.28205128205128,Mensal,Ativa,
20340,"Sondagem de Serviços, Índice de Situação Atual (ISA-S), Dessazonalizado","Sondagem de Serviços, Índice de Situação Atual (ISA-S), Dessazonalizado.",2024-09-15 17:22:20,Points,195.0,2008-06-01,2024-08-01,45.0,56.0,114.9,91.52820512820512,12.912316279826902,30.28205128205128,Mensal,Ativa,
20341,"Sondagem de Serviços, Índice de Expectativas (IE-S), Dessazonalizado","Sondagem de Serviços, Índice de Expectativas (IE-S), Dessazonalizado.",2024-09-15 17:22:20,Points,195.0,2008-06-01,2024-08-01,45.0,47.9,114.9,94.51846153846154,11.432904569674598,30.28205128205128,Mensal,Ativa,
20359,"Foreign exchange interbank spot volume, USD, T+1","Foreign exchange interbank spot volume, USD, T+1.",2024-09-15 17:22:22,US$,7581.0,1994-07-04,2024-09-13,2.0,0.0,7728700000.0,454345347.6670624,590414219.9251333,1.4548212636855296,Diária,Ativa,
20479,"Claims on Other Sectors, Monetary Authority","Claims on Other Sectors, Monetary Authority.",2024-09-15 17:23:30,c.m.u. (million),237.0,2004-12-01,2024-08-01,45.0,0.0,1170.0,35.63291139240506,182.4131446824174,30.30801687763713,Mensal,Ativa,
20499,"Assets, Monetary Authority","Assets, Monetary Authority.",2024-09-15 17:23:33,c.m.u. (million),237.0,2004-12-01,2024-08-01,45.0,194923.0,3046324.0,1406689.11814346,787180.5129398844,30.30801687763713,Mensal,Ativa,
20500,"Liability, Monetary Authority","Liability, Monetary Authority.",2024-09-15 17:23:35,c.m.u. (million),237.0,2004-12-01,2024-08-01,45.0,194923.0,3046324.0,1406689.1392405063,787180.5460425296,30.30801687763713,Mensal,Ativa,
21379,Broad national consumer price index (IPCA) - Diffusion index,Broad national consumer price index (IPCA) - Diffusion index,2024-09-15 17:36:50,%,300.0,1999-09-01,2024-08-01,45.0,41.82,85.94,61.50743333333333,7.314307307154968,30.336666666666662,Mensal,Ativa,
